"league_id","yr","week_start_dt","week_end_dt","week_num","week_name","is_pre","is_post"
1,2015,2014-10-27,2014-11-03,1,Week 1,false,false
1,2015,2014-11-03,2014-11-10,2,Week 2,false,false
1,2015,2014-11-10,2014-11-17,3,Week 3,false,false
1,2015,2014-11-17,2014-11-24,4,Week 4,false,false
1,2015,2014-11-24,2014-12-01,5,Week 5,false,false
1,2015,2014-12-01,2014-12-08,6,Week 6,false,false
1,2015,2014-12-08,2014-12-15,7,Week 7,false,false
1,2015,2014-12-15,2014-12-22,8,Week 8,false,false
1,2015,2014-12-22,2014-12-29,9,Week 9,false,false
1,2015,2014-12-29,2015-01-05,10,Week 10,false,false
1,2015,2015-01-05,2015-01-12,11,Week 11,false,false
1,2015,2015-01-12,2015-01-19,12,Week 12,false,false
1,2015,2015-01-19,2015-01-26,13,Week 13,false,false
1,2015,2015-01-26,2015-02-02,14,Week 14,false,false
1,2015,2015-02-02,2015-02-09,15,Week 15,false,false
1,2015,2015-02-09,2015-02-16,16,Week 16,false,false
1,2015,2015-02-16,2015-02-23,17,Week 17,false,false
1,2015,2015-02-23,2015-03-02,18,Week 18,false,false
1,2015,2015-03-02,2015-03-09,19,Week 19,false,false
1,2015,2015-03-09,2015-03-16,20,Week 20,false,false
1,2015,2015-03-16,2015-03-23,21,Week 21,false,false
1,2015,2015-03-23,2015-03-30,22,Week 22,false,false
1,2015,2015-03-30,2015-04-06,23,Week 23,false,false
1,2015,2015-04-06,2015-04-13,24,Week 24,false,false
1,2015,2015-04-13,2015-04-20,25,Week 25,false,false
1,2015,2015-04-13,2015-04-20,1,Postseason Week 1,false,true
1,2015,2015-04-20,2015-04-27,2,Postseason Week 2,false,true
1,2015,2015-04-27,2015-05-04,3,Postseason Week 3,false,true
1,2015,2015-05-04,2015-05-11,4,Postseason Week 4,false,true
1,2015,2015-05-11,2015-05-18,5,Postseason Week 5,false,true
1,2015,2015-05-18,2015-05-25,6,Postseason Week 6,false,true
1,2015,2015-05-25,2015-06-01,7,Postseason Week 7,false,true
1,2015,2015-06-01,2015-06-08,8,Postseason Week 8,false,true
1,2015,2015-06-08,2015-06-15,9,Postseason Week 9,false,true
1,2015,2015-06-15,2015-06-22,10,Postseason Week 10,false,true
1,2015,2014-09-29,2014-10-06,1,Preseason Week 1,true,false
1,2015,2014-10-06,2014-10-13,2,Preseason Week 2,true,false
1,2015,2014-10-13,2014-10-20,3,Preseason Week 3,true,false
1,2015,2014-10-20,2014-10-27,4,Preseason Week 4,true,false
1,2016,2015-10-26,2015-11-02,1,Week 1,false,false
1,2016,2015-11-02,2015-11-09,2,Week 2,false,false
1,2016,2015-11-09,2015-11-16,3,Week 3,false,false
1,2016,2015-11-16,2015-11-23,4,Week 4,false,false
1,2016,2015-11-23,2015-11-30,5,Week 5,false,false
1,2016,2015-11-30,2015-12-07,6,Week 6,false,false
1,2016,2015-12-07,2015-12-14,7,Week 7,false,false
1,2016,2015-12-14,2015-12-21,8,Week 8,false,false
1,2016,2015-12-21,2015-12-28,9,Week 9,false,false
1,2016,2015-12-28,2016-01-04,10,Week 10,false,false
1,2016,2016-01-04,2016-01-11,11,Week 11,false,false
1,2016,2016-01-11,2016-01-18,12,Week 12,false,false
1,2016,2016-01-18,2016-01-25,13,Week 13,false,false
1,2016,2016-01-25,2016-02-01,14,Week 14,false,false
1,2016,2016-02-01,2016-02-08,15,Week 15,false,false
1,2016,2016-02-08,2016-02-15,16,Week 16,false,false
1,2016,2016-02-15,2016-02-22,17,Week 17,false,false
1,2016,2016-02-22,2016-02-29,18,Week 18,false,false
1,2016,2016-02-29,2016-03-07,19,Week 19,false,false
1,2016,2016-03-07,2016-03-14,20,Week 20,false,false
1,2016,2016-03-14,2016-03-21,21,Week 21,false,false
1,2016,2016-03-21,2016-03-28,22,Week 22,false,false
1,2016,2016-03-28,2016-04-04,23,Week 23,false,false
1,2016,2016-04-04,2016-04-11,24,Week 24,false,false
1,2016,2016-04-11,2016-04-18,25,Week 25,false,false
1,2016,2016-04-11,2016-04-18,1,Postseason Week 1,false,true
1,2016,2016-04-18,2016-04-25,2,Postseason Week 2,false,true
1,2016,2016-04-25,2016-05-02,3,Postseason Week 3,false,true
1,2016,2016-05-02,2016-05-09,4,Postseason Week 4,false,true
1,2016,2016-05-09,2016-05-16,5,Postseason Week 5,false,true
1,2016,2016-05-16,2016-05-23,6,Postseason Week 6,false,true
1,2016,2016-05-23,2016-05-30,7,Postseason Week 7,false,true
1,2016,2016-05-30,2016-06-06,8,Postseason Week 8,false,true
1,2016,2016-06-06,2016-06-13,9,Postseason Week 9,false,true
1,2016,2016-06-13,2016-06-20,10,Postseason Week 10,false,true
1,2016,2016-06-20,2016-06-27,11,Postseason Week 11,false,true
1,2016,2015-09-28,2015-10-05,1,Preseason Week 1,true,false
1,2016,2015-10-05,2015-10-12,2,Preseason Week 2,true,false
1,2016,2015-10-12,2015-10-19,3,Preseason Week 3,true,false
1,2016,2015-10-19,2015-10-26,4,Preseason Week 4,true,false
1,2017,2016-10-24,2016-10-31,1,Week 1,false,false
1,2017,2016-10-31,2016-11-07,2,Week 2,false,false
1,2017,2016-11-07,2016-11-14,3,Week 3,false,false
1,2017,2016-11-14,2016-11-21,4,Week 4,false,false
1,2017,2016-11-21,2016-11-28,5,Week 5,false,false
1,2017,2016-11-28,2016-12-05,6,Week 6,false,false
1,2017,2016-12-05,2016-12-12,7,Week 7,false,false
1,2017,2016-12-12,2016-12-19,8,Week 8,false,false
1,2017,2016-12-19,2016-12-26,9,Week 9,false,false
1,2017,2016-12-26,2017-01-02,10,Week 10,false,false
1,2017,2017-01-02,2017-01-09,11,Week 11,false,false
1,2017,2017-01-09,2017-01-16,12,Week 12,false,false
1,2017,2017-01-16,2017-01-23,13,Week 13,false,false
1,2017,2017-01-23,2017-01-30,14,Week 14,false,false
1,2017,2017-01-30,2017-02-06,15,Week 15,false,false
1,2017,2017-02-06,2017-02-13,16,Week 16,false,false
1,2017,2017-02-13,2017-02-20,17,Week 17,false,false
1,2017,2017-02-20,2017-02-27,18,Week 18,false,false
1,2017,2017-02-27,2017-03-06,19,Week 19,false,false
1,2017,2017-03-06,2017-03-13,20,Week 20,false,false
1,2017,2017-03-13,2017-03-20,21,Week 21,false,false
1,2017,2017-03-20,2017-03-27,22,Week 22,false,false
1,2017,2017-03-27,2017-04-03,23,Week 23,false,false
1,2017,2017-04-03,2017-04-10,24,Week 24,false,false
1,2017,2017-04-10,2017-04-17,25,Week 25,false,false
1,2017,2017-04-10,2017-04-17,1,Postseason Week 1,false,true
1,2017,2017-04-17,2017-04-24,2,Postseason Week 2,false,true
1,2017,2017-04-24,2017-05-01,3,Postseason Week 3,false,true
1,2017,2017-05-01,2017-05-08,4,Postseason Week 4,false,true
1,2017,2017-05-08,2017-05-15,5,Postseason Week 5,false,true
1,2017,2017-05-15,2017-05-22,6,Postseason Week 6,false,true
1,2017,2017-05-22,2017-05-29,7,Postseason Week 7,false,true
1,2017,2017-05-29,2017-06-05,8,Postseason Week 8,false,true
1,2017,2017-06-05,2017-06-12,9,Postseason Week 9,false,true
1,2017,2017-06-12,2017-06-19,10,Postseason Week 10,false,true
1,2017,2016-09-26,2016-10-03,1,Preseason Week 1,true,false
1,2017,2016-10-03,2016-10-10,2,Preseason Week 2,true,false
1,2017,2016-10-10,2016-10-17,3,Preseason Week 3,true,false
1,2017,2016-10-17,2016-10-24,4,Preseason Week 4,true,false
1,2018,2017-10-16,2017-10-23,1,Week 1,false,false
1,2018,2017-10-23,2017-10-30,2,Week 2,false,false
1,2018,2017-10-30,2017-11-06,3,Week 3,false,false
1,2018,2017-11-06,2017-11-13,4,Week 4,false,false
1,2018,2017-11-13,2017-11-20,5,Week 5,false,false
1,2018,2017-11-20,2017-11-27,6,Week 6,false,false
1,2018,2017-11-27,2017-12-04,7,Week 7,false,false
1,2018,2017-12-04,2017-12-11,8,Week 8,false,false
1,2018,2017-12-11,2017-12-18,9,Week 9,false,false
1,2018,2017-12-18,2017-12-25,10,Week 10,false,false
1,2018,2017-12-25,2018-01-01,11,Week 11,false,false
1,2018,2018-01-01,2018-01-08,12,Week 12,false,false
1,2018,2018-01-08,2018-01-15,13,Week 13,false,false
1,2018,2018-01-15,2018-01-22,14,Week 14,false,false
1,2018,2018-01-22,2018-01-29,15,Week 15,false,false
1,2018,2018-01-29,2018-02-05,16,Week 16,false,false
1,2018,2018-02-05,2018-02-12,17,Week 17,false,false
1,2018,2018-02-12,2018-02-19,18,Week 18,false,false
1,2018,2018-02-19,2018-02-26,19,Week 19,false,false
1,2018,2018-02-26,2018-03-05,20,Week 20,false,false
1,2018,2018-03-05,2018-03-12,21,Week 21,false,false
1,2018,2018-03-12,2018-03-19,22,Week 22,false,false
1,2018,2018-03-19,2018-03-26,23,Week 23,false,false
1,2018,2018-03-26,2018-04-02,24,Week 24,false,false
1,2018,2018-04-02,2018-04-09,25,Week 25,false,false
1,2018,2018-04-09,2018-04-16,26,Week 26,false,false
1,2018,2018-04-09,2018-04-16,1,Postseason Week 1,false,true
1,2018,2018-04-16,2018-04-23,2,Postseason Week 2,false,true
1,2018,2018-04-23,2018-04-30,3,Postseason Week 3,false,true
1,2018,2018-04-30,2018-05-07,4,Postseason Week 4,false,true
1,2018,2018-05-07,2018-05-14,5,Postseason Week 5,false,true
1,2018,2018-05-14,2018-05-21,6,Postseason Week 6,false,true
1,2018,2018-05-21,2018-05-28,7,Postseason Week 7,false,true
1,2018,2018-05-28,2018-06-04,8,Postseason Week 8,false,true
1,2018,2018-06-04,2018-06-11,9,Postseason Week 9,false,true
1,2018,2017-09-25,2017-10-02,1,Preseason Week 1,true,false
1,2018,2017-10-02,2017-10-09,2,Preseason Week 2,true,false
1,2018,2017-10-09,2017-10-16,3,Preseason Week 3,true,false
1,2019,2018-10-15,2018-10-22,1,Week 1,false,false
1,2019,2018-10-22,2018-10-29,2,Week 2,false,false
1,2019,2018-10-29,2018-11-05,3,Week 3,false,false
1,2019,2018-11-05,2018-11-12,4,Week 4,false,false
1,2019,2018-11-12,2018-11-19,5,Week 5,false,false
1,2019,2018-11-19,2018-11-26,6,Week 6,false,false
1,2019,2018-11-26,2018-12-03,7,Week 7,false,false
1,2019,2018-12-03,2018-12-10,8,Week 8,false,false
1,2019,2018-12-10,2018-12-17,9,Week 9,false,false
1,2019,2018-12-17,2018-12-24,10,Week 10,false,false
1,2019,2018-12-24,2018-12-31,11,Week 11,false,false
1,2019,2018-12-31,2019-01-07,12,Week 12,false,false
1,2019,2019-01-07,2019-01-14,13,Week 13,false,false
1,2019,2019-01-14,2019-01-21,14,Week 14,false,false
1,2019,2019-01-21,2019-01-28,15,Week 15,false,false
1,2019,2019-01-28,2019-02-04,16,Week 16,false,false
1,2019,2019-02-04,2019-02-11,17,Week 17,false,false
1,2019,2019-02-11,2019-02-18,18,Week 18,false,false
1,2019,2019-02-18,2019-02-25,19,Week 19,false,false
1,2019,2019-02-25,2019-03-04,20,Week 20,false,false
1,2019,2019-03-04,2019-03-11,21,Week 21,false,false
1,2019,2019-03-11,2019-03-18,22,Week 22,false,false
1,2019,2019-03-18,2019-03-25,23,Week 23,false,false
1,2019,2019-03-25,2019-04-01,24,Week 24,false,false
1,2019,2019-04-01,2019-04-08,25,Week 25,false,false
1,2019,2019-04-08,2019-04-15,26,Week 26,false,false
1,2019,2019-04-08,2019-04-15,1,Postseason Week 1,false,true
1,2019,2019-04-15,2019-04-22,2,Postseason Week 2,false,true
1,2019,2019-04-22,2019-04-29,3,Postseason Week 3,false,true
1,2019,2019-04-29,2019-05-06,4,Postseason Week 4,false,true
1,2019,2019-05-06,2019-05-13,5,Postseason Week 5,false,true
1,2019,2019-05-13,2019-05-20,6,Postseason Week 6,false,true
1,2019,2019-05-20,2019-05-27,7,Postseason Week 7,false,true
1,2019,2019-05-27,2019-06-03,8,Postseason Week 8,false,true
1,2019,2019-06-03,2019-06-10,9,Postseason Week 9,false,true
1,2019,2019-06-10,2019-06-17,10,Postseason Week 10,false,true
1,2019,2018-09-24,2018-10-01,1,Preseason Week 1,true,false
1,2019,2018-10-01,2018-10-08,2,Preseason Week 2,true,false
1,2019,2018-10-08,2018-10-15,3,Preseason Week 3,true,false
1,2020,2019-10-21,2019-10-28,1,Week 1,false,false
1,2020,2019-10-28,2019-11-04,2,Week 2,false,false
1,2020,2019-11-04,2019-11-11,3,Week 3,false,false
1,2020,2019-11-11,2019-11-18,4,Week 4,false,false
1,2020,2019-11-18,2019-11-25,5,Week 5,false,false
1,2020,2019-11-25,2019-12-02,6,Week 6,false,false
1,2020,2019-12-02,2019-12-09,7,Week 7,false,false
1,2020,2019-12-09,2019-12-16,8,Week 8,false,false
1,2020,2019-12-16,2019-12-23,9,Week 9,false,false
1,2020,2019-12-23,2019-12-30,10,Week 10,false,false
1,2020,2019-12-30,2020-01-06,11,Week 11,false,false
1,2020,2020-01-06,2020-01-13,12,Week 12,false,false
1,2020,2020-01-13,2020-01-20,13,Week 13,false,false
1,2020,2020-01-20,2020-01-27,14,Week 14,false,false
1,2020,2020-01-27,2020-02-03,15,Week 15,false,false
1,2020,2020-02-03,2020-02-10,16,Week 16,false,false
1,2020,2020-02-10,2020-02-17,17,Week 17,false,false
1,2020,2020-02-17,2020-02-24,18,Week 18,false,false
1,2020,2020-02-24,2020-03-02,19,Week 19,false,false
1,2020,2020-03-02,2020-03-09,20,Week 20,false,false
1,2020,2020-03-09,2020-03-16,21,Week 21,false,false
1,2020,2020-07-27,2020-08-03,22,Week 22,false,false
1,2020,2020-08-03,2020-08-10,23,Week 23,false,false
1,2020,2020-08-10,2020-08-17,24,Week 24,false,false
1,2020,2020-08-10,2020-08-17,1,Postseason Week 1,false,true
1,2020,2020-08-17,2020-08-24,2,Postseason Week 2,false,true
1,2020,2020-08-24,2020-08-31,3,Postseason Week 3,false,true
1,2020,2020-08-31,2020-09-07,4,Postseason Week 4,false,true
1,2020,2020-09-07,2020-09-14,5,Postseason Week 5,false,true
1,2020,2020-09-14,2020-09-21,6,Postseason Week 6,false,true
1,2020,2020-09-21,2020-09-28,7,Postseason Week 7,false,true
1,2020,2020-09-28,2020-10-05,8,Postseason Week 8,false,true
1,2020,2020-10-05,2020-10-12,9,Postseason Week 9,false,true
1,2020,2019-09-30,2019-10-07,1,Preseason Week 1,true,false
1,2020,2019-10-07,2019-10-14,2,Preseason Week 2,true,false
1,2020,2019-10-14,2019-10-21,3,Preseason Week 3,true,false
1,2022,2021-10-18,2021-10-25,1,Week 1,false,false
1,2022,2021-10-25,2021-11-01,2,Week 2,false,false
1,2022,2021-11-01,2021-11-08,3,Week 3,false,false
1,2022,2021-11-08,2021-11-15,4,Week 4,false,false
1,2022,2021-11-15,2021-11-22,5,Week 5,false,false
1,2022,2021-11-22,2021-11-29,6,Week 6,false,false
1,2022,2021-11-29,2021-12-06,7,Week 7,false,false
1,2022,2021-12-06,2021-12-13,8,Week 8,false,false
1,2022,2021-12-13,2021-12-20,9,Week 9,false,false
1,2022,2021-12-20,2021-12-27,10,Week 10,false,false
1,2022,2021-12-27,2022-01-03,11,Week 11,false,false
1,2022,2022-01-03,2022-01-10,12,Week 12,false,false
1,2022,2022-01-10,2022-01-17,13,Week 13,false,false
1,2022,2022-01-17,2022-01-24,14,Week 14,false,false
1,2022,2022-01-24,2022-01-31,15,Week 15,false,false
1,2022,2022-01-31,2022-02-07,16,Week 16,false,false
1,2022,2022-02-07,2022-02-14,17,Week 17,false,false
1,2022,2022-02-14,2022-02-21,18,Week 18,false,false
1,2022,2022-02-21,2022-02-28,19,Week 19,false,false
1,2022,2022-02-28,2022-03-07,20,Week 20,false,false
1,2022,2022-03-07,2022-03-14,21,Week 21,false,false
1,2022,2022-03-14,2022-03-21,22,Week 22,false,false
1,2022,2022-03-21,2022-03-28,23,Week 23,false,false
1,2022,2022-03-28,2022-04-04,24,Week 24,false,false
1,2022,2022-04-04,2022-04-11,25,Week 25,false,false
1,2022,2022-04-11,2022-04-18,26,Week 26,false,false
1,2022,2022-04-11,2022-04-18,1,Postseason Week 1,false,true
1,2022,2022-04-18,2022-04-25,2,Postseason Week 2,false,true
1,2022,2022-04-25,2022-05-02,3,Postseason Week 3,false,true
1,2022,2022-05-02,2022-05-09,4,Postseason Week 4,false,true
1,2022,2022-05-09,2022-05-16,5,Postseason Week 5,false,true
1,2022,2022-05-16,2022-05-23,6,Postseason Week 6,false,true
1,2022,2022-05-23,2022-05-30,7,Postseason Week 7,false,true
1,2022,2022-05-30,2022-06-06,8,Postseason Week 8,false,true
1,2022,2022-06-06,2022-06-13,9,Postseason Week 9,false,true
1,2022,2022-06-13,2022-06-20,10,Postseason Week 10,false,true
1,2022,2021-09-27,2021-10-04,1,Preseason Week 1,true,false
1,2022,2021-10-04,2021-10-11,2,Preseason Week 2,true,false
1,2022,2021-10-11,2021-10-18,3,Preseason Week 3,true,false
1,2023,2022-10-17,2022-10-24,1,Week 1,false,false
1,2023,2022-10-24,2022-10-31,2,Week 2,false,false
1,2023,2022-10-31,2022-11-07,3,Week 3,false,false
1,2023,2022-11-07,2022-11-14,4,Week 4,false,false
1,2023,2022-11-14,2022-11-21,5,Week 5,false,false
1,2023,2022-11-21,2022-11-28,6,Week 6,false,false
1,2023,2022-11-28,2022-12-05,7,Week 7,false,false
1,2023,2022-12-05,2022-12-12,8,Week 8,false,false
1,2023,2022-12-12,2022-12-19,9,Week 9,false,false
1,2023,2022-12-19,2022-12-26,10,Week 10,false,false
1,2023,2022-12-26,2023-01-02,11,Week 11,false,false
1,2023,2023-01-02,2023-01-09,12,Week 12,false,false
1,2023,2023-01-09,2023-01-16,13,Week 13,false,false
1,2023,2023-01-16,2023-01-23,14,Week 14,false,false
1,2023,2023-01-23,2023-01-30,15,Week 15,false,false
1,2023,2023-01-30,2023-02-06,16,Week 16,false,false
1,2023,2023-02-06,2023-02-13,17,Week 17,false,false
1,2023,2023-02-13,2023-02-20,18,Week 18,false,false
1,2023,2023-02-20,2023-02-27,19,Week 19,false,false
1,2023,2023-02-27,2023-03-06,20,Week 20,false,false
1,2023,2023-03-06,2023-03-13,21,Week 21,false,false
1,2023,2023-03-13,2023-03-20,22,Week 22,false,false
1,2023,2023-03-20,2023-03-27,23,Week 23,false,false
1,2023,2023-03-27,2023-04-03,24,Week 24,false,false
1,2023,2023-04-03,2023-04-10,25,Week 25,false,false
1,2023,2023-04-10,2023-04-17,1,Postseason Week 1,false,true
1,2023,2023-04-17,2023-04-24,2,Postseason Week 2,false,true
1,2023,2023-04-24,2023-05-01,3,Postseason Week 3,false,true
1,2023,2023-05-01,2023-05-08,4,Postseason Week 4,false,true
1,2023,2023-05-08,2023-05-15,5,Postseason Week 5,false,true
1,2023,2023-05-15,2023-05-22,6,Postseason Week 6,false,true
1,2023,2023-05-22,2023-05-29,7,Postseason Week 7,false,true
1,2023,2023-05-29,2023-06-05,8,Postseason Week 8,false,true
1,2023,2023-06-05,2023-06-12,9,Postseason Week 9,false,true
1,2023,2023-06-12,2023-06-19,10,Postseason Week 10,false,true
1,2023,2022-09-26,2022-10-03,1,Preseason Week 1,true,false
1,2023,2022-10-03,2022-10-10,2,Preseason Week 2,true,false
1,2023,2022-10-10,2022-10-17,3,Preseason Week 3,true,false
1,2024,2023-10-23,2023-10-30,1,Week 1,false,false
1,2024,2023-10-30,2023-11-06,2,Week 2,false,false
1,2024,2023-11-06,2023-11-13,3,Week 3,false,false
1,2024,2023-11-13,2023-11-20,4,Week 4,false,false
1,2024,2023-11-20,2023-11-27,5,Week 5,false,false
1,2024,2023-11-27,2023-12-04,6,Week 6,false,false
1,2024,2023-12-04,2023-12-11,7,Week 7,false,false
1,2024,2023-12-11,2023-12-18,8,Week 8,false,false
1,2024,2023-12-18,2023-12-25,9,Week 9,false,false
1,2024,2023-12-25,2024-01-01,10,Week 10,false,false
1,2024,2024-01-01,2024-01-08,11,Week 11,false,false
1,2024,2024-01-08,2024-01-15,12,Week 12,false,false
1,2024,2024-01-15,2024-01-22,13,Week 13,false,false
1,2024,2024-01-22,2024-01-29,14,Week 14,false,false
1,2024,2024-01-29,2024-02-05,15,Week 15,false,false
1,2024,2024-02-05,2024-02-12,16,Week 16,false,false
1,2024,2024-02-12,2024-02-19,17,Week 17,false,false
1,2024,2024-02-19,2024-02-26,18,Week 18,false,false
1,2024,2024-02-26,2024-03-04,19,Week 19,false,false
1,2024,2024-03-04,2024-03-11,20,Week 20,false,false
1,2024,2024-03-11,2024-03-18,21,Week 21,false,false
1,2024,2024-03-18,2024-03-25,22,Week 22,false,false
1,2024,2024-03-25,2024-04-01,23,Week 23,false,false
1,2024,2024-04-01,2024-04-08,24,Week 24,false,false
1,2024,2024-04-08,2024-04-15,25,Week 25,false,false
1,2024,2024-04-15,2024-04-22,1,Postseason Week 1,false,true
1,2024,2024-04-22,2024-04-29,2,Postseason Week 2,false,true
1,2024,2024-04-29,2024-05-06,3,Postseason Week 3,false,true
1,2024,2024-05-06,2024-05-13,4,Postseason Week 4,false,true
1,2024,2024-05-13,2024-05-20,5,Postseason Week 5,false,true
1,2024,2024-05-20,2024-05-27,6,Postseason Week 6,false,true
1,2024,2024-05-27,2024-06-03,7,Postseason Week 7,false,true
1,2024,2024-06-03,2024-06-10,8,Postseason Week 8,false,true
1,2024,2024-06-10,2024-06-17,9,Postseason Week 9,false,true
1,2024,2024-06-17,2024-06-24,10,Postseason Week 10,false,true
1,2024,2023-10-02,2023-10-09,1,Preseason Week 1,true,false
1,2024,2023-10-09,2023-10-16,2,Preseason Week 2,true,false
1,2024,2023-10-16,2023-10-23,3,Preseason Week 3,true,false
1,2025,2024-10-21,2024-10-28,1,Week 1,false,false
1,2025,2024-10-28,2024-11-04,2,Week 2,false,false
1,2025,2024-11-04,2024-11-11,3,Week 3,false,false
1,2025,2024-11-11,2024-11-18,4,Week 4,false,false
1,2025,2024-11-18,2024-11-25,5,Week 5,false,false
1,2025,2024-11-25,2024-12-02,6,Week 6,false,false
1,2025,2024-12-02,2024-12-09,7,Week 7,false,false
1,2025,2024-12-09,2024-12-16,8,Week 8,false,false
1,2025,2024-12-16,2024-12-23,9,Week 9,false,false
1,2025,2024-12-23,2024-12-30,10,Week 10,false,false
1,2025,2024-12-30,2025-01-06,11,Week 11,false,false
1,2025,2025-01-06,2025-01-13,12,Week 12,false,false
1,2025,2025-01-13,2025-01-20,13,Week 13,false,false
1,2025,2025-01-20,2025-01-27,14,Week 14,false,false
1,2025,2025-01-27,2025-02-03,15,Week 15,false,false
1,2025,2025-02-03,2025-02-10,16,Week 16,false,false
1,2025,2025-02-10,2025-02-17,17,Week 17,false,false
1,2025,2025-02-17,2025-02-24,18,Week 18,false,false
1,2025,2025-02-24,2025-03-03,19,Week 19,false,false
1,2025,2025-03-03,2025-03-10,20,Week 20,false,false
1,2025,2025-03-10,2025-03-17,21,Week 21,false,false
1,2025,2025-03-17,2025-03-24,22,Week 22,false,false
1,2025,2025-03-24,2025-03-31,23,Week 23,false,false
1,2025,2025-03-31,2025-04-07,24,Week 24,false,false
1,2025,2025-04-07,2025-04-14,25,Week 25,false,false
1,2025,2025-04-14,2025-04-21,1,Postseason Week 1,false,true
1,2025,2025-04-21,2025-04-28,2,Postseason Week 2,false,true
1,2025,2025-04-28,2025-05-05,3,Postseason Week 3,false,true
1,2025,2025-05-05,2025-05-12,4,Postseason Week 4,false,true
1,2025,2025-05-12,2025-05-19,5,Postseason Week 5,false,true
1,2025,2025-05-19,2025-05-26,6,Postseason Week 6,false,true
1,2025,2025-05-26,2025-06-02,7,Postseason Week 7,false,true
1,2025,2025-06-02,2025-06-09,8,Postseason Week 8,false,true
1,2025,2025-06-09,2025-06-16,9,Postseason Week 9,false,true
1,2025,2025-06-16,2025-06-23,10,Postseason Week 10,false,true
1,2025,2025-06-23,2025-06-30,11,Postseason Week 11,false,true
1,2025,2024-09-30,2024-10-07,1,Preseason Week 1,true,false
1,2025,2024-10-07,2024-10-14,2,Preseason Week 2,true,false
1,2025,2024-10-14,2024-10-21,3,Preseason Week 3,true,false
1,2026,2025-10-20,2025-10-27,1,Week 1,false,false
1,2026,2025-10-27,2025-11-03,2,Week 2,false,false
1,2026,2025-11-03,2025-11-10,3,Week 3,false,false
1,2026,2025-11-10,2025-11-17,4,Week 4,false,false
1,2026,2025-11-17,2025-11-24,5,Week 5,false,false
1,2026,2025-11-24,2025-12-01,6,Week 6,false,false
1,2026,2025-12-01,2025-12-08,7,Week 7,false,false
1,2026,2025-12-08,2025-12-15,8,Week 8,false,false
1,2026,2025-12-15,2025-12-22,9,Week 9,false,false
1,2026,2025-12-22,2025-12-29,10,Week 10,false,false
1,2026,2025-12-29,2026-01-05,11,Week 11,false,false
1,2026,2026-01-05,2026-01-12,12,Week 12,false,false
1,2026,2026-01-12,2026-01-19,13,Week 13,false,false
1,2026,2026-01-19,2026-01-26,14,Week 14,false,false
1,2026,2026-01-26,2026-02-02,15,Week 15,false,false
1,2026,2026-02-02,2026-02-09,16,Week 16,false,false
1,2026,2026-02-09,2026-02-16,17,Week 17,false,false
1,2026,2026-02-16,2026-02-23,18,Week 18,false,false
1,2026,2026-02-23,2026-03-02,19,Week 19,false,false
1,2026,2026-03-02,2026-03-09,20,Week 20,false,false
1,2026,2026-03-09,2026-03-16,21,Week 21,false,false
1,2026,2026-03-16,2026-03-23,22,Week 22,false,false
1,2026,2026-03-23,2026-03-30,23,Week 23,false,false
1,2026,2026-03-30,2026-04-06,24,Week 24,false,false
1,2026,2026-04-06,2026-04-13,25,Week 25,false,false
1,2026,2026-04-13,2026-04-20,26,Week 26,false,false
1,2026,2025-09-29,2025-10-06,1,Preseason Week 1,true,false
1,2026,2025-10-06,2025-10-13,2,Preseason Week 2,true,false
1,2026,2025-10-13,2025-10-20,3,Preseason Week 3,true,false
3,2015,2014-10-06,2014-10-13,1,Week 1,false,false
3,2015,2014-10-13,2014-10-20,2,Week 2,false,false
3,2015,2014-10-20,2014-10-27,3,Week 3,false,false
3,2015,2014-10-27,2014-11-03,4,Week 4,false,false
3,2015,2014-11-03,2014-11-10,5,Week 5,false,false
3,2015,2014-11-10,2014-11-17,6,Week 6,false,false
3,2015,2014-11-17,2014-11-24,7,Week 7,false,false
3,2015,2014-11-24,2014-12-01,8,Week 8,false,false
3,2015,2014-12-01,2014-12-08,9,Week 9,false,false
3,2015,2014-12-08,2014-12-15,10,Week 10,false,false
3,2015,2014-12-15,2014-12-22,11,Week 11,false,false
3,2015,2014-12-22,2014-12-29,12,Week 12,false,false
3,2015,2014-12-29,2015-01-05,13,Week 13,false,false
3,2015,2015-01-05,2015-01-12,14,Week 14,false,false
3,2015,2015-01-12,2015-01-19,15,Week 15,false,false
3,2015,2015-01-19,2015-01-26,16,Week 16,false,false
3,2015,2015-01-26,2015-02-02,17,Week 17,false,false
3,2015,2015-02-02,2015-02-09,18,Week 18,false,false
3,2015,2015-02-09,2015-02-16,19,Week 19,false,false
3,2015,2015-02-16,2015-02-23,20,Week 20,false,false
3,2015,2015-02-23,2015-03-02,21,Week 21,false,false
3,2015,2015-03-02,2015-03-09,22,Week 22,false,false
3,2015,2015-03-09,2015-03-16,23,Week 23,false,false
3,2015,2015-03-16,2015-03-23,24,Week 24,false,false
3,2015,2015-03-23,2015-03-30,25,Week 25,false,false
3,2015,2015-03-30,2015-04-06,26,Week 26,false,false
3,2015,2015-04-06,2015-04-13,27,Week 27,false,false
3,2015,2015-04-13,2015-04-20,1,Postseason Week 1,false,true
3,2015,2015-04-20,2015-04-27,2,Postseason Week 2,false,true
3,2015,2015-04-27,2015-05-04,3,Postseason Week 3,false,true
3,2015,2015-05-04,2015-05-11,4,Postseason Week 4,false,true
3,2015,2015-05-11,2015-05-18,5,Postseason Week 5,false,true
3,2015,2015-05-18,2015-05-25,6,Postseason Week 6,false,true
3,2015,2015-05-25,2015-06-01,7,Postseason Week 7,false,true
3,2015,2015-06-01,2015-06-08,8,Postseason Week 8,false,true
3,2015,2015-06-08,2015-06-15,9,Postseason Week 9,false,true
3,2015,2015-06-15,2015-06-22,10,Postseason Week 10,false,true
3,2015,2014-09-15,2014-09-22,1,Preseason Week 1,true,false
3,2015,2014-09-22,2014-09-29,2,Preseason Week 2,true,false
3,2015,2014-09-29,2014-10-06,3,Preseason Week 3,true,false
3,2016,2015-10-05,2015-10-12,1,Week 1,false,false
3,2016,2015-10-12,2015-10-19,2,Week 2,false,false
3,2016,2015-10-19,2015-10-26,3,Week 3,false,false
3,2016,2015-10-26,2015-11-02,4,Week 4,false,false
3,2016,2015-11-02,2015-11-09,5,Week 5,false,false
3,2016,2015-11-09,2015-11-16,6,Week 6,false,false
3,2016,2015-11-16,2015-11-23,7,Week 7,false,false
3,2016,2015-11-23,2015-11-30,8,Week 8,false,false
3,2016,2015-11-30,2015-12-07,9,Week 9,false,false
3,2016,2015-12-07,2015-12-14,10,Week 10,false,false
3,2016,2015-12-14,2015-12-21,11,Week 11,false,false
3,2016,2015-12-21,2015-12-28,12,Week 12,false,false
3,2016,2015-12-28,2016-01-04,13,Week 13,false,false
3,2016,2016-01-04,2016-01-11,14,Week 14,false,false
3,2016,2016-01-11,2016-01-18,15,Week 15,false,false
3,2016,2016-01-18,2016-01-25,16,Week 16,false,false
3,2016,2016-01-25,2016-02-01,17,Week 17,false,false
3,2016,2016-02-01,2016-02-08,18,Week 18,false,false
3,2016,2016-02-08,2016-02-15,19,Week 19,false,false
3,2016,2016-02-15,2016-02-22,20,Week 20,false,false
3,2016,2016-02-22,2016-02-29,21,Week 21,false,false
3,2016,2016-02-29,2016-03-07,22,Week 22,false,false
3,2016,2016-03-07,2016-03-14,23,Week 23,false,false
3,2016,2016-03-14,2016-03-21,24,Week 24,false,false
3,2016,2016-03-21,2016-03-28,25,Week 25,false,false
3,2016,2016-03-28,2016-04-04,26,Week 26,false,false
3,2016,2016-04-04,2016-04-11,27,Week 27,false,false
3,2016,2016-04-11,2016-04-18,1,Postseason Week 1,false,true
3,2016,2016-04-18,2016-04-25,2,Postseason Week 2,false,true
3,2016,2016-04-25,2016-05-02,3,Postseason Week 3,false,true
3,2016,2016-05-02,2016-05-09,4,Postseason Week 4,false,true
3,2016,2016-05-09,2016-05-16,5,Postseason Week 5,false,true
3,2016,2016-05-16,2016-05-23,6,Postseason Week 6,false,true
3,2016,2016-05-23,2016-05-30,7,Postseason Week 7,false,true
3,2016,2016-05-30,2016-06-06,8,Postseason Week 8,false,true
3,2016,2016-06-06,2016-06-13,9,Postseason Week 9,false,true
3,2016,2016-06-13,2016-06-20,10,Postseason Week 10,false,true
3,2016,2015-09-14,2015-09-21,1,Preseason Week 1,true,false
3,2016,2015-09-21,2015-09-28,2,Preseason Week 2,true,false
3,2016,2015-09-28,2015-10-05,3,Preseason Week 3,true,false
3,2017,2016-10-10,2016-10-17,1,Week 1,false,false
3,2017,2016-10-17,2016-10-24,2,Week 2,false,false
3,2017,2016-10-24,2016-10-31,3,Week 3,false,false
3,2017,2016-10-31,2016-11-07,4,Week 4,false,false
3,2017,2016-11-07,2016-11-14,5,Week 5,false,false
3,2017,2016-11-14,2016-11-21,6,Week 6,false,false
3,2017,2016-11-21,2016-11-28,7,Week 7,false,false
3,2017,2016-11-28,2016-12-05,8,Week 8,false,false
3,2017,2016-12-05,2016-12-12,9,Week 9,false,false
3,2017,2016-12-12,2016-12-19,10,Week 10,false,false
3,2017,2016-12-19,2016-12-26,11,Week 11,false,false
3,2017,2016-12-26,2017-01-02,12,Week 12,false,false
3,2017,2017-01-02,2017-01-09,13,Week 13,false,false
3,2017,2017-01-09,2017-01-16,14,Week 14,false,false
3,2017,2017-01-16,2017-01-23,15,Week 15,false,false
3,2017,2017-01-23,2017-01-30,16,Week 16,false,false
3,2017,2017-01-30,2017-02-06,17,Week 17,false,false
3,2017,2017-02-06,2017-02-13,18,Week 18,false,false
3,2017,2017-02-13,2017-02-20,19,Week 19,false,false
3,2017,2017-02-20,2017-02-27,20,Week 20,false,false
3,2017,2017-02-27,2017-03-06,21,Week 21,false,false
3,2017,2017-03-06,2017-03-13,22,Week 22,false,false
3,2017,2017-03-13,2017-03-20,23,Week 23,false,false
3,2017,2017-03-20,2017-03-27,24,Week 24,false,false
3,2017,2017-03-27,2017-04-03,25,Week 25,false,false
3,2017,2017-04-03,2017-04-10,26,Week 26,false,false
3,2017,2017-04-10,2017-04-17,27,Week 27,false,false
3,2017,2017-04-10,2017-04-17,1,Postseason Week 1,false,true
3,2017,2017-04-17,2017-04-24,2,Postseason Week 2,false,true
3,2017,2017-04-24,2017-05-01,3,Postseason Week 3,false,true
3,2017,2017-05-01,2017-05-08,4,Postseason Week 4,false,true
3,2017,2017-05-08,2017-05-15,5,Postseason Week 5,false,true
3,2017,2017-05-15,2017-05-22,6,Postseason Week 6,false,true
3,2017,2017-05-22,2017-05-29,7,Postseason Week 7,false,true
3,2017,2017-05-29,2017-06-05,8,Postseason Week 8,false,true
3,2017,2017-06-05,2017-06-12,9,Postseason Week 9,false,true
3,2017,2017-06-12,2017-06-19,10,Postseason Week 10,false,true
3,2017,2016-09-19,2016-09-26,1,Preseason Week 1,true,false
3,2017,2016-09-26,2016-10-03,2,Preseason Week 2,true,false
3,2017,2016-10-03,2016-10-10,3,Preseason Week 3,true,false
3,2017,2016-10-10,2016-10-17,4,Preseason Week 4,true,false
3,2019,2018-10-01,2018-10-08,1,Week 1,false,false
3,2019,2018-10-08,2018-10-15,2,Week 2,false,false
3,2019,2018-10-15,2018-10-22,3,Week 3,false,false
3,2019,2018-10-22,2018-10-29,4,Week 4,false,false
3,2019,2018-10-29,2018-11-05,5,Week 5,false,false
3,2019,2018-11-05,2018-11-12,6,Week 6,false,false
3,2019,2018-11-12,2018-11-19,7,Week 7,false,false
3,2019,2018-11-19,2018-11-26,8,Week 8,false,false
3,2019,2018-11-26,2018-12-03,9,Week 9,false,false
3,2019,2018-12-03,2018-12-10,10,Week 10,false,false
3,2019,2018-12-10,2018-12-17,11,Week 11,false,false
3,2019,2018-12-17,2018-12-24,12,Week 12,false,false
3,2019,2018-12-24,2018-12-31,13,Week 13,false,false
3,2019,2018-12-31,2019-01-07,14,Week 14,false,false
3,2019,2019-01-07,2019-01-14,15,Week 15,false,false
3,2019,2019-01-14,2019-01-21,16,Week 16,false,false
3,2019,2019-01-21,2019-01-28,17,Week 17,false,false
3,2019,2019-01-28,2019-02-04,18,Week 18,false,false
3,2019,2019-02-04,2019-02-11,19,Week 19,false,false
3,2019,2019-02-11,2019-02-18,20,Week 20,false,false
3,2019,2019-02-18,2019-02-25,21,Week 21,false,false
3,2019,2019-02-25,2019-03-04,22,Week 22,false,false
3,2019,2019-03-04,2019-03-11,23,Week 23,false,false
3,2019,2019-03-11,2019-03-18,24,Week 24,false,false
3,2019,2019-03-18,2019-03-25,25,Week 25,false,false
3,2019,2019-03-25,2019-04-01,26,Week 26,false,false
3,2019,2019-04-01,2019-04-08,27,Week 27,false,false
3,2019,2019-04-08,2019-04-15,1,Postseason Week 1,false,true
3,2019,2019-04-15,2019-04-22,2,Postseason Week 2,false,true
3,2019,2019-04-22,2019-04-29,3,Postseason Week 3,false,true
3,2019,2019-04-29,2019-05-06,4,Postseason Week 4,false,true
3,2019,2019-05-06,2019-05-13,5,Postseason Week 5,false,true
3,2019,2019-05-13,2019-05-20,6,Postseason Week 6,false,true
3,2019,2019-05-20,2019-05-27,7,Postseason Week 7,false,true
3,2019,2019-05-27,2019-06-03,8,Postseason Week 8,false,true
3,2019,2019-06-03,2019-06-10,9,Postseason Week 9,false,true
3,2019,2019-06-10,2019-06-17,10,Postseason Week 10,false,true
3,2019,2018-09-10,2018-09-17,1,Preseason Week 1,true,false
3,2019,2018-09-17,2018-09-24,2,Preseason Week 2,true,false
3,2019,2018-09-24,2018-10-01,3,Preseason Week 3,true,false
3,2019,2018-10-01,2018-10-08,4,Preseason Week 4,true,false
3,2020,2019-09-30,2019-10-07,1,Week 1,false,false
3,2020,2019-10-07,2019-10-14,2,Week 2,false,false
3,2020,2019-10-14,2019-10-21,3,Week 3,false,false
3,2020,2019-10-21,2019-10-28,4,Week 4,false,false
3,2020,2019-10-28,2019-11-04,5,Week 5,false,false
3,2020,2019-11-04,2019-11-11,6,Week 6,false,false
3,2020,2019-11-11,2019-11-18,7,Week 7,false,false
3,2020,2019-11-18,2019-11-25,8,Week 8,false,false
3,2020,2019-11-25,2019-12-02,9,Week 9,false,false
3,2020,2019-12-02,2019-12-09,10,Week 10,false,false
3,2020,2019-12-09,2019-12-16,11,Week 11,false,false
3,2020,2019-12-16,2019-12-23,12,Week 12,false,false
3,2020,2019-12-23,2019-12-30,13,Week 13,false,false
3,2020,2019-12-30,2020-01-06,14,Week 14,false,false
3,2020,2020-01-06,2020-01-13,15,Week 15,false,false
3,2020,2020-01-13,2020-01-20,16,Week 16,false,false
3,2020,2020-01-20,2020-01-27,17,Week 17,false,false
3,2020,2020-01-27,2020-02-03,18,Week 18,false,false
3,2020,2020-02-03,2020-02-10,19,Week 19,false,false
3,2020,2020-02-10,2020-02-17,20,Week 20,false,false
3,2020,2020-02-17,2020-02-24,21,Week 21,false,false
3,2020,2020-02-24,2020-03-02,22,Week 22,false,false
3,2020,2020-03-02,2020-03-09,23,Week 23,false,false
3,2020,2020-03-09,2020-03-16,24,Week 24,false,false
3,2020,2020-03-16,2020-03-23,25,Week 25,false,false
3,2020,2020-03-23,2020-03-30,26,Week 26,false,false
3,2020,2020-03-30,2020-04-06,27,Week 27,false,false
3,2020,2020-07-27,2020-08-03,1,Postseason Week 1,false,true
3,2020,2020-08-03,2020-08-10,2,Postseason Week 2,false,true
3,2020,2020-08-10,2020-08-17,3,Postseason Week 3,false,true
3,2020,2020-08-17,2020-08-24,4,Postseason Week 4,false,true
3,2020,2020-08-24,2020-08-31,5,Postseason Week 5,false,true
3,2020,2020-08-31,2020-09-07,6,Postseason Week 6,false,true
3,2020,2020-09-07,2020-09-14,7,Postseason Week 7,false,true
3,2020,2020-09-14,2020-09-21,8,Postseason Week 8,false,true
3,2020,2020-09-21,2020-09-28,9,Postseason Week 9,false,true
3,2020,2020-09-28,2020-10-05,10,Postseason Week 10,false,true
3,2020,2019-09-09,2019-09-16,1,Preseason Week 1,true,false
3,2020,2019-09-16,2019-09-23,2,Preseason Week 2,true,false
3,2020,2019-09-23,2019-09-30,3,Preseason Week 3,true,false
3,2020,2019-09-30,2019-10-07,4,Preseason Week 4,true,false
3,2022,2021-10-11,2021-10-18,1,Week 1,false,false
3,2022,2021-10-18,2021-10-25,2,Week 2,false,false
3,2022,2021-10-25,2021-11-01,3,Week 3,false,false
3,2022,2021-11-01,2021-11-08,4,Week 4,false,false
3,2022,2021-11-08,2021-11-15,5,Week 5,false,false
3,2022,2021-11-15,2021-11-22,6,Week 6,false,false
3,2022,2021-11-22,2021-11-29,7,Week 7,false,false
3,2022,2021-11-29,2021-12-06,8,Week 8,false,false
3,2022,2021-12-06,2021-12-13,9,Week 9,false,false
3,2022,2021-12-13,2021-12-20,10,Week 10,false,false
3,2022,2021-12-20,2021-12-27,11,Week 11,false,false
3,2022,2021-12-27,2022-01-03,12,Week 12,false,false
3,2022,2022-01-03,2022-01-10,13,Week 13,false,false
3,2022,2022-01-10,2022-01-17,14,Week 14,false,false
3,2022,2022-01-17,2022-01-24,15,Week 15,false,false
3,2022,2022-01-24,2022-01-31,16,Week 16,false,false
3,2022,2022-01-31,2022-02-07,17,Week 17,false,false
3,2022,2022-02-07,2022-02-14,18,Week 18,false,false
3,2022,2022-02-14,2022-02-21,19,Week 19,false,false
3,2022,2022-02-21,2022-02-28,20,Week 20,false,false
3,2022,2022-02-28,2022-03-07,21,Week 21,false,false
3,2022,2022-03-07,2022-03-14,22,Week 22,false,false
3,2022,2022-03-14,2022-03-21,23,Week 23,false,false
3,2022,2022-03-21,2022-03-28,24,Week 24,false,false
3,2022,2022-03-28,2022-04-04,25,Week 25,false,false
3,2022,2022-04-04,2022-04-11,26,Week 26,false,false
3,2022,2022-04-11,2022-04-18,27,Week 27,false,false
3,2022,2022-04-18,2022-04-25,28,Week 28,false,false
3,2022,2022-04-25,2022-05-02,29,Week 29,false,false
3,2022,2022-05-02,2022-05-09,1,Postseason Week 1,false,true
3,2022,2022-05-09,2022-05-16,2,Postseason Week 2,false,true
3,2022,2022-05-16,2022-05-23,3,Postseason Week 3,false,true
3,2022,2022-05-23,2022-05-30,4,Postseason Week 4,false,true
3,2022,2022-05-30,2022-06-06,5,Postseason Week 5,false,true
3,2022,2022-06-06,2022-06-13,6,Postseason Week 6,false,true
3,2022,2022-06-13,2022-06-20,7,Postseason Week 7,false,true
3,2022,2022-06-20,2022-06-27,8,Postseason Week 8,false,true
3,2022,2022-06-27,2022-07-04,9,Postseason Week 9,false,true
3,2022,2021-09-20,2021-09-27,1,Preseason Week 1,true,false
3,2022,2021-09-27,2021-10-04,2,Preseason Week 2,true,false
3,2022,2021-10-04,2021-10-11,3,Preseason Week 3,true,false
3,2023,2022-10-03,2022-10-10,1,Week 1,false,false
3,2023,2022-10-10,2022-10-17,2,Week 2,false,false
3,2023,2022-10-17,2022-10-24,3,Week 3,false,false
3,2023,2022-10-24,2022-10-31,4,Week 4,false,false
3,2023,2022-10-31,2022-11-07,5,Week 5,false,false
3,2023,2022-11-07,2022-11-14,6,Week 6,false,false
3,2023,2022-11-14,2022-11-21,7,Week 7,false,false
3,2023,2022-11-21,2022-11-28,8,Week 8,false,false
3,2023,2022-11-28,2022-12-05,9,Week 9,false,false
3,2023,2022-12-05,2022-12-12,10,Week 10,false,false
3,2023,2022-12-12,2022-12-19,11,Week 11,false,false
3,2023,2022-12-19,2022-12-26,12,Week 12,false,false
3,2023,2022-12-26,2023-01-02,13,Week 13,false,false
3,2023,2023-01-02,2023-01-09,14,Week 14,false,false
3,2023,2023-01-09,2023-01-16,15,Week 15,false,false
3,2023,2023-01-16,2023-01-23,16,Week 16,false,false
3,2023,2023-01-23,2023-01-30,17,Week 17,false,false
3,2023,2023-01-30,2023-02-06,18,Week 18,false,false
3,2023,2023-02-06,2023-02-13,19,Week 19,false,false
3,2023,2023-02-13,2023-02-20,20,Week 20,false,false
3,2023,2023-02-20,2023-02-27,21,Week 21,false,false
3,2023,2023-02-27,2023-03-06,22,Week 22,false,false
3,2023,2023-03-06,2023-03-13,23,Week 23,false,false
3,2023,2023-03-13,2023-03-20,24,Week 24,false,false
3,2023,2023-03-20,2023-03-27,25,Week 25,false,false
3,2023,2023-03-27,2023-04-03,26,Week 26,false,false
3,2023,2023-04-03,2023-04-10,27,Week 27,false,false
3,2023,2023-04-10,2023-04-17,28,Week 28,false,false
3,2023,2023-04-17,2023-04-24,1,Postseason Week 1,false,true
3,2023,2023-04-24,2023-05-01,2,Postseason Week 2,false,true
3,2023,2023-05-01,2023-05-08,3,Postseason Week 3,false,true
3,2023,2023-05-08,2023-05-15,4,Postseason Week 4,false,true
3,2023,2023-05-15,2023-05-22,5,Postseason Week 5,false,true
3,2023,2023-05-22,2023-05-29,6,Postseason Week 6,false,true
3,2023,2023-05-29,2023-06-05,7,Postseason Week 7,false,true
3,2023,2023-06-05,2023-06-12,8,Postseason Week 8,false,true
3,2023,2023-06-12,2023-06-19,9,Postseason Week 9,false,true
3,2023,2022-09-19,2022-09-26,1,Preseason Week 1,true,false
3,2023,2022-09-26,2022-10-03,2,Preseason Week 2,true,false
3,2023,2022-10-03,2022-10-10,3,Preseason Week 3,true,false
3,2024,2023-10-09,2023-10-16,1,Week 1,false,false
3,2024,2023-10-16,2023-10-23,2,Week 2,false,false
3,2024,2023-10-23,2023-10-30,3,Week 3,false,false
3,2024,2023-10-30,2023-11-06,4,Week 4,false,false
3,2024,2023-11-06,2023-11-13,5,Week 5,false,false
3,2024,2023-11-13,2023-11-20,6,Week 6,false,false
3,2024,2023-11-20,2023-11-27,7,Week 7,false,false
3,2024,2023-11-27,2023-12-04,8,Week 8,false,false
3,2024,2023-12-04,2023-12-11,9,Week 9,false,false
3,2024,2023-12-11,2023-12-18,10,Week 10,false,false
3,2024,2023-12-18,2023-12-25,11,Week 11,false,false
3,2024,2023-12-25,2024-01-01,12,Week 12,false,false
3,2024,2024-01-01,2024-01-08,13,Week 13,false,false
3,2024,2024-01-08,2024-01-15,14,Week 14,false,false
3,2024,2024-01-15,2024-01-22,15,Week 15,false,false
3,2024,2024-01-22,2024-01-29,16,Week 16,false,false
3,2024,2024-01-29,2024-02-05,17,Week 17,false,false
3,2024,2024-02-05,2024-02-12,18,Week 18,false,false
3,2024,2024-02-12,2024-02-19,19,Week 19,false,false
3,2024,2024-02-19,2024-02-26,20,Week 20,false,false
3,2024,2024-02-26,2024-03-04,21,Week 21,false,false
3,2024,2024-03-04,2024-03-11,22,Week 22,false,false
3,2024,2024-03-11,2024-03-18,23,Week 23,false,false
3,2024,2024-03-18,2024-03-25,24,Week 24,false,false
3,2024,2024-03-25,2024-04-01,25,Week 25,false,false
3,2024,2024-04-01,2024-04-08,26,Week 26,false,false
3,2024,2024-04-08,2024-04-15,27,Week 27,false,false
3,2024,2024-04-15,2024-04-22,28,Week 28,false,false
3,2024,2024-04-15,2024-04-22,1,Postseason Week 1,false,true
3,2024,2024-04-22,2024-04-29,2,Postseason Week 2,false,true
3,2024,2024-04-29,2024-05-06,3,Postseason Week 3,false,true
3,2024,2024-05-06,2024-05-13,4,Postseason Week 4,false,true
3,2024,2024-05-13,2024-05-20,5,Postseason Week 5,false,true
3,2024,2024-05-20,2024-05-27,6,Postseason Week 6,false,true
3,2024,2024-05-27,2024-06-03,7,Postseason Week 7,false,true
3,2024,2024-06-03,2024-06-10,8,Postseason Week 8,false,true
3,2024,2024-06-10,2024-06-17,9,Postseason Week 9,false,true
3,2024,2024-06-17,2024-06-24,10,Postseason Week 10,false,true
3,2024,2024-06-24,2024-07-01,11,Postseason Week 11,false,true
3,2024,2023-09-18,2023-09-25,1,Preseason Week 1,true,false
3,2024,2023-09-25,2023-10-02,2,Preseason Week 2,true,false
3,2024,2023-10-02,2023-10-09,3,Preseason Week 3,true,false
3,2025,2024-09-30,2024-10-07,1,Week 1,false,false
3,2025,2024-10-07,2024-10-14,2,Week 2,false,false
3,2025,2024-10-14,2024-10-21,3,Week 3,false,false
3,2025,2024-10-21,2024-10-28,4,Week 4,false,false
3,2025,2024-10-28,2024-11-04,5,Week 5,false,false
3,2025,2024-11-04,2024-11-11,6,Week 6,false,false
3,2025,2024-11-11,2024-11-18,7,Week 7,false,false
3,2025,2024-11-18,2024-11-25,8,Week 8,false,false
3,2025,2024-11-25,2024-12-02,9,Week 9,false,false
3,2025,2024-12-02,2024-12-09,10,Week 10,false,false
3,2025,2024-12-09,2024-12-16,11,Week 11,false,false
3,2025,2024-12-16,2024-12-23,12,Week 12,false,false
3,2025,2024-12-23,2024-12-30,13,Week 13,false,false
3,2025,2024-12-30,2025-01-06,14,Week 14,false,false
3,2025,2025-01-06,2025-01-13,15,Week 15,false,false
3,2025,2025-01-13,2025-01-20,16,Week 16,false,false
3,2025,2025-01-20,2025-01-27,17,Week 17,false,false
3,2025,2025-01-27,2025-02-03,18,Week 18,false,false
3,2025,2025-02-03,2025-02-10,19,Week 19,false,false
3,2025,2025-02-10,2025-02-17,20,Week 20,false,false
3,2025,2025-02-17,2025-02-24,21,Week 21,false,false
3,2025,2025-02-24,2025-03-03,22,Week 22,false,false
3,2025,2025-03-03,2025-03-10,23,Week 23,false,false
3,2025,2025-03-10,2025-03-17,24,Week 24,false,false
3,2025,2025-03-17,2025-03-24,25,Week 25,false,false
3,2025,2025-03-24,2025-03-31,26,Week 26,false,false
3,2025,2025-03-31,2025-04-07,27,Week 27,false,false
3,2025,2025-04-07,2025-04-14,28,Week 28,false,false
3,2025,2025-04-14,2025-04-21,29,Week 29,false,false
3,2025,2025-04-14,2025-04-21,1,Postseason Week 1,false,true
3,2025,2025-04-21,2025-04-28,2,Postseason Week 2,false,true
3,2025,2025-04-28,2025-05-05,3,Postseason Week 3,false,true
3,2025,2025-05-05,2025-05-12,4,Postseason Week 4,false,true
3,2025,2025-05-12,2025-05-19,5,Postseason Week 5,false,true
3,2025,2025-05-19,2025-05-26,6,Postseason Week 6,false,true
3,2025,2025-05-26,2025-06-02,7,Postseason Week 7,false,true
3,2025,2025-06-02,2025-06-09,8,Postseason Week 8,false,true
3,2025,2025-06-09,2025-06-16,9,Postseason Week 9,false,true
3,2025,2025-06-16,2025-06-23,10,Postseason Week 10,false,true
3,2025,2024-09-16,2024-09-23,1,Preseason Week 1,true,false
3,2025,2024-09-23,2024-09-30,2,Preseason Week 2,true,false
3,2025,2024-09-30,2024-10-07,3,Preseason Week 3,true,false
3,2025,2024-10-07,2024-10-14,4,Preseason Week 4,true,false
3,2026,2025-10-06,2025-10-13,1,Week 1,false,false
3,2026,2025-10-13,2025-10-20,2,Week 2,false,false
3,2026,2025-10-20,2025-10-27,3,Week 3,false,false
3,2026,2025-10-27,2025-11-03,4,Week 4,false,false
3,2026,2025-11-03,2025-11-10,5,Week 5,false,false
3,2026,2025-11-10,2025-11-17,6,Week 6,false,false
3,2026,2025-11-17,2025-11-24,7,Week 7,false,false
3,2026,2025-11-24,2025-12-01,8,Week 8,false,false
3,2026,2025-12-01,2025-12-08,9,Week 9,false,false
3,2026,2025-12-08,2025-12-15,10,Week 10,false,false
3,2026,2025-12-15,2025-12-22,11,Week 11,false,false
3,2026,2025-12-22,2025-12-29,12,Week 12,false,false
3,2026,2025-12-29,2026-01-05,13,Week 13,false,false
3,2026,2026-01-05,2026-01-12,14,Week 14,false,false
3,2026,2026-01-12,2026-01-19,15,Week 15,false,false
3,2026,2026-01-19,2026-01-26,16,Week 16,false,false
3,2026,2026-01-26,2026-02-02,17,Week 17,false,false
3,2026,2026-02-02,2026-02-09,18,Week 18,false,false
3,2026,2026-02-23,2026-03-02,19,Week 19,false,false
3,2026,2026-03-02,2026-03-09,20,Week 20,false,false
3,2026,2026-03-09,2026-03-16,21,Week 21,false,false
3,2026,2026-03-16,2026-03-23,22,Week 22,false,false
3,2026,2026-03-23,2026-03-30,23,Week 23,false,false
3,2026,2026-03-30,2026-04-06,24,Week 24,false,false
3,2026,2026-04-06,2026-04-13,25,Week 25,false,false
3,2026,2026-04-13,2026-04-20,26,Week 26,false,false
3,2026,2025-09-15,2025-09-22,1,Preseason Week 1,true,false
3,2026,2025-09-22,2025-09-29,2,Preseason Week 2,true,false
3,2026,2025-09-29,2025-10-06,3,Preseason Week 3,true,false
4,2014,2014-02-24,2014-03-03,1,Week 1,false,false
4,2014,2014-03-03,2014-03-10,2,Week 2,false,false
4,2014,2014-03-17,2014-03-24,3,Week 3,false,false
4,2014,2014-03-31,2014-04-07,4,Week 4,false,false
4,2014,2014-04-07,2014-04-14,5,Week 5,false,false
4,2014,2014-04-14,2014-04-21,6,Week 6,false,false
4,2014,2014-04-21,2014-04-28,7,Week 7,false,false
4,2014,2014-04-28,2014-05-05,8,Week 8,false,false
4,2014,2014-05-05,2014-05-12,9,Week 9,false,false
4,2014,2014-05-12,2014-05-19,10,Week 10,false,false
4,2014,2014-05-19,2014-05-26,11,Week 11,false,false
4,2014,2014-05-26,2014-06-02,12,Week 12,false,false
4,2014,2014-06-02,2014-06-09,13,Week 13,false,false
4,2014,2014-06-09,2014-06-16,14,Week 14,false,false
4,2014,2014-06-16,2014-06-23,15,Week 15,false,false
4,2014,2014-06-23,2014-06-30,16,Week 16,false,false
4,2014,2014-06-30,2014-07-07,17,Week 17,false,false
4,2014,2014-07-07,2014-07-14,18,Week 18,false,false
4,2014,2014-07-14,2014-07-21,19,Week 19,false,false
4,2014,2014-07-21,2014-07-28,20,Week 20,false,false
4,2014,2014-07-28,2014-08-04,21,Week 21,false,false
4,2014,2014-08-04,2014-08-11,22,Week 22,false,false
4,2014,2014-08-11,2014-08-18,23,Week 23,false,false
4,2014,2014-08-18,2014-08-25,24,Week 24,false,false
4,2014,2014-08-25,2014-09-01,25,Week 25,false,false
4,2014,2014-09-01,2014-09-08,26,Week 26,false,false
4,2014,2014-09-08,2014-09-15,27,Week 27,false,false
4,2014,2014-09-15,2014-09-22,28,Week 28,false,false
4,2014,2014-09-22,2014-09-29,29,Week 29,false,false
4,2014,2014-09-29,2014-10-06,1,Postseason Week 1,false,true
4,2014,2014-10-06,2014-10-13,2,Postseason Week 2,false,true
4,2014,2014-10-13,2014-10-20,3,Postseason Week 3,false,true
4,2014,2014-10-20,2014-10-27,4,Postseason Week 4,false,true
4,2014,2014-10-27,2014-11-03,5,Postseason Week 5,false,true
4,2014,2014-02-24,2014-03-03,1,Preseason Week 1,true,false
4,2014,2014-03-03,2014-03-10,2,Preseason Week 2,true,false
4,2014,2014-03-10,2014-03-17,3,Preseason Week 3,true,false
4,2014,2014-03-17,2014-03-24,4,Preseason Week 4,true,false
4,2014,2014-03-24,2014-03-31,5,Preseason Week 5,true,false
4,2015,2015-03-02,2015-03-09,1,Week 1,false,false
4,2015,2015-03-09,2015-03-16,2,Week 2,false,false
4,2015,2015-03-16,2015-03-23,3,Week 3,false,false
4,2015,2015-04-06,2015-04-13,4,Week 4,false,false
4,2015,2015-04-13,2015-04-20,5,Week 5,false,false
4,2015,2015-04-20,2015-04-27,6,Week 6,false,false
4,2015,2015-04-27,2015-05-04,7,Week 7,false,false
4,2015,2015-05-04,2015-05-11,8,Week 8,false,false
4,2015,2015-05-11,2015-05-18,9,Week 9,false,false
4,2015,2015-05-18,2015-05-25,10,Week 10,false,false
4,2015,2015-05-25,2015-06-01,11,Week 11,false,false
4,2015,2015-06-01,2015-06-08,12,Week 12,false,false
4,2015,2015-06-08,2015-06-15,13,Week 13,false,false
4,2015,2015-06-15,2015-06-22,14,Week 14,false,false
4,2015,2015-06-22,2015-06-29,15,Week 15,false,false
4,2015,2015-06-29,2015-07-06,16,Week 16,false,false
4,2015,2015-07-06,2015-07-13,17,Week 17,false,false
4,2015,2015-07-13,2015-07-20,18,Week 18,false,false
4,2015,2015-07-20,2015-07-27,19,Week 19,false,false
4,2015,2015-07-27,2015-08-03,20,Week 20,false,false
4,2015,2015-08-03,2015-08-10,21,Week 21,false,false
4,2015,2015-08-10,2015-08-17,22,Week 22,false,false
4,2015,2015-08-17,2015-08-24,23,Week 23,false,false
4,2015,2015-08-24,2015-08-31,24,Week 24,false,false
4,2015,2015-08-31,2015-09-07,25,Week 25,false,false
4,2015,2015-09-07,2015-09-14,26,Week 26,false,false
4,2015,2015-09-14,2015-09-21,27,Week 27,false,false
4,2015,2015-09-21,2015-09-28,28,Week 28,false,false
4,2015,2015-09-28,2015-10-05,29,Week 29,false,false
4,2015,2015-10-05,2015-10-12,1,Postseason Week 1,false,true
4,2015,2015-10-12,2015-10-19,2,Postseason Week 2,false,true
4,2015,2015-10-19,2015-10-26,3,Postseason Week 3,false,true
4,2015,2015-10-26,2015-11-02,4,Postseason Week 4,false,true
4,2015,2015-11-02,2015-11-09,5,Postseason Week 5,false,true
4,2015,2015-02-23,2015-03-02,1,Preseason Week 1,true,false
4,2015,2015-03-02,2015-03-09,2,Preseason Week 2,true,false
4,2015,2015-03-09,2015-03-16,3,Preseason Week 3,true,false
4,2015,2015-03-16,2015-03-23,4,Preseason Week 4,true,false
4,2015,2015-03-23,2015-03-30,5,Preseason Week 5,true,false
4,2015,2015-03-30,2015-04-06,6,Preseason Week 6,true,false
4,2016,2016-02-29,2016-03-07,1,Week 1,false,false
4,2016,2016-03-28,2016-04-04,2,Week 2,false,false
4,2016,2016-04-04,2016-04-11,3,Week 3,false,false
4,2016,2016-04-11,2016-04-18,4,Week 4,false,false
4,2016,2016-04-18,2016-04-25,5,Week 5,false,false
4,2016,2016-04-25,2016-05-02,6,Week 6,false,false
4,2016,2016-05-02,2016-05-09,7,Week 7,false,false
4,2016,2016-05-09,2016-05-16,8,Week 8,false,false
4,2016,2016-05-16,2016-05-23,9,Week 9,false,false
4,2016,2016-05-23,2016-05-30,10,Week 10,false,false
4,2016,2016-05-30,2016-06-06,11,Week 11,false,false
4,2016,2016-06-06,2016-06-13,12,Week 12,false,false
4,2016,2016-06-13,2016-06-20,13,Week 13,false,false
4,2016,2016-06-20,2016-06-27,14,Week 14,false,false
4,2016,2016-06-27,2016-07-04,15,Week 15,false,false
4,2016,2016-07-04,2016-07-11,16,Week 16,false,false
4,2016,2016-07-11,2016-07-18,17,Week 17,false,false
4,2016,2016-07-18,2016-07-25,18,Week 18,false,false
4,2016,2016-07-25,2016-08-01,19,Week 19,false,false
4,2016,2016-08-01,2016-08-08,20,Week 20,false,false
4,2016,2016-08-08,2016-08-15,21,Week 21,false,false
4,2016,2016-08-15,2016-08-22,22,Week 22,false,false
4,2016,2016-08-22,2016-08-29,23,Week 23,false,false
4,2016,2016-08-29,2016-09-05,24,Week 24,false,false
4,2016,2016-09-05,2016-09-12,25,Week 25,false,false
4,2016,2016-09-12,2016-09-19,26,Week 26,false,false
4,2016,2016-09-19,2016-09-26,27,Week 27,false,false
4,2016,2016-09-26,2016-10-03,28,Week 28,false,false
4,2016,2016-10-03,2016-10-10,1,Postseason Week 1,false,true
4,2016,2016-10-10,2016-10-17,2,Postseason Week 2,false,true
4,2016,2016-10-17,2016-10-24,3,Postseason Week 3,false,true
4,2016,2016-10-24,2016-10-31,4,Postseason Week 4,false,true
4,2016,2016-10-31,2016-11-07,5,Postseason Week 5,false,true
4,2016,2016-02-29,2016-03-07,1,Preseason Week 1,true,false
4,2016,2016-03-07,2016-03-14,2,Preseason Week 2,true,false
4,2016,2016-03-14,2016-03-21,3,Preseason Week 3,true,false
4,2016,2016-03-21,2016-03-28,4,Preseason Week 4,true,false
4,2016,2016-03-28,2016-04-04,5,Preseason Week 5,true,false
4,2017,2017-03-06,2017-03-13,1,Week 1,false,false
4,2017,2017-03-13,2017-03-20,2,Week 2,false,false
4,2017,2017-03-27,2017-04-03,3,Week 3,false,false
4,2017,2017-04-03,2017-04-10,4,Week 4,false,false
4,2017,2017-04-10,2017-04-17,5,Week 5,false,false
4,2017,2017-04-17,2017-04-24,6,Week 6,false,false
4,2017,2017-04-24,2017-05-01,7,Week 7,false,false
4,2017,2017-05-01,2017-05-08,8,Week 8,false,false
4,2017,2017-05-08,2017-05-15,9,Week 9,false,false
4,2017,2017-05-15,2017-05-22,10,Week 10,false,false
4,2017,2017-05-22,2017-05-29,11,Week 11,false,false
4,2017,2017-05-29,2017-06-05,12,Week 12,false,false
4,2017,2017-06-05,2017-06-12,13,Week 13,false,false
4,2017,2017-06-12,2017-06-19,14,Week 14,false,false
4,2017,2017-06-19,2017-06-26,15,Week 15,false,false
4,2017,2017-06-26,2017-07-03,16,Week 16,false,false
4,2017,2017-07-03,2017-07-10,17,Week 17,false,false
4,2017,2017-07-10,2017-07-17,18,Week 18,false,false
4,2017,2017-07-17,2017-07-24,19,Week 19,false,false
4,2017,2017-07-24,2017-07-31,20,Week 20,false,false
4,2017,2017-07-31,2017-08-07,21,Week 21,false,false
4,2017,2017-08-07,2017-08-14,22,Week 22,false,false
4,2017,2017-08-14,2017-08-21,23,Week 23,false,false
4,2017,2017-08-21,2017-08-28,24,Week 24,false,false
4,2017,2017-08-28,2017-09-04,25,Week 25,false,false
4,2017,2017-09-04,2017-09-11,26,Week 26,false,false
4,2017,2017-09-11,2017-09-18,27,Week 27,false,false
4,2017,2017-09-18,2017-09-25,28,Week 28,false,false
4,2017,2017-09-25,2017-10-02,29,Week 29,false,false
4,2017,2017-10-02,2017-10-09,1,Postseason Week 1,false,true
4,2017,2017-10-09,2017-10-16,2,Postseason Week 2,false,true
4,2017,2017-10-16,2017-10-23,3,Postseason Week 3,false,true
4,2017,2017-10-23,2017-10-30,4,Postseason Week 4,false,true
4,2017,2017-10-30,2017-11-06,5,Postseason Week 5,false,true
4,2017,2017-02-27,2017-03-06,1,Preseason Week 1,true,false
4,2017,2017-03-06,2017-03-13,2,Preseason Week 2,true,false
4,2017,2017-03-13,2017-03-20,3,Preseason Week 3,true,false
4,2017,2017-03-20,2017-03-27,4,Preseason Week 4,true,false
4,2017,2017-03-27,2017-04-03,5,Preseason Week 5,true,false
4,2018,2018-03-26,2018-04-02,1,Week 1,false,false
4,2018,2018-04-02,2018-04-09,2,Week 2,false,false
4,2018,2018-04-09,2018-04-16,3,Week 3,false,false
4,2018,2018-04-16,2018-04-23,4,Week 4,false,false
4,2018,2018-04-23,2018-04-30,5,Week 5,false,false
4,2018,2018-04-30,2018-05-07,6,Week 6,false,false
4,2018,2018-05-07,2018-05-14,7,Week 7,false,false
4,2018,2018-05-14,2018-05-21,8,Week 8,false,false
4,2018,2018-05-21,2018-05-28,9,Week 9,false,false
4,2018,2018-05-28,2018-06-04,10,Week 10,false,false
4,2018,2018-06-04,2018-06-11,11,Week 11,false,false
4,2018,2018-06-11,2018-06-18,12,Week 12,false,false
4,2018,2018-06-18,2018-06-25,13,Week 13,false,false
4,2018,2018-06-25,2018-07-02,14,Week 14,false,false
4,2018,2018-07-02,2018-07-09,15,Week 15,false,false
4,2018,2018-07-09,2018-07-16,16,Week 16,false,false
4,2018,2018-07-16,2018-07-23,17,Week 17,false,false
4,2018,2018-07-23,2018-07-30,18,Week 18,false,false
4,2018,2018-07-30,2018-08-06,19,Week 19,false,false
4,2018,2018-08-06,2018-08-13,20,Week 20,false,false
4,2018,2018-08-13,2018-08-20,21,Week 21,false,false
4,2018,2018-08-20,2018-08-27,22,Week 22,false,false
4,2018,2018-08-27,2018-09-03,23,Week 23,false,false
4,2018,2018-09-03,2018-09-10,24,Week 24,false,false
4,2018,2018-09-10,2018-09-17,25,Week 25,false,false
4,2018,2018-09-17,2018-09-24,26,Week 26,false,false
4,2018,2018-09-24,2018-10-01,27,Week 27,false,false
4,2018,2018-10-01,2018-10-08,28,Week 28,false,false
4,2018,2018-10-01,2018-10-08,1,Postseason Week 1,false,true
4,2018,2018-10-08,2018-10-15,2,Postseason Week 2,false,true
4,2018,2018-10-15,2018-10-22,3,Postseason Week 3,false,true
4,2018,2018-10-22,2018-10-29,4,Postseason Week 4,false,true
4,2018,2018-10-29,2018-11-05,5,Postseason Week 5,false,true
4,2018,2018-02-26,2018-03-05,1,Preseason Week 1,true,false
4,2018,2018-03-05,2018-03-12,2,Preseason Week 2,true,false
4,2018,2018-03-12,2018-03-19,3,Preseason Week 3,true,false
4,2018,2018-03-19,2018-03-26,4,Preseason Week 4,true,false
4,2018,2018-03-26,2018-04-02,5,Preseason Week 5,true,false
4,2019,2019-03-18,2019-03-25,1,Week 1,false,false
4,2019,2019-03-25,2019-04-01,2,Week 2,false,false
4,2019,2019-04-01,2019-04-08,3,Week 3,false,false
4,2019,2019-04-08,2019-04-15,4,Week 4,false,false
4,2019,2019-04-15,2019-04-22,5,Week 5,false,false
4,2019,2019-04-22,2019-04-29,6,Week 6,false,false
4,2019,2019-04-29,2019-05-06,7,Week 7,false,false
4,2019,2019-05-06,2019-05-13,8,Week 8,false,false
4,2019,2019-05-13,2019-05-20,9,Week 9,false,false
4,2019,2019-05-20,2019-05-27,10,Week 10,false,false
4,2019,2019-05-27,2019-06-03,11,Week 11,false,false
4,2019,2019-06-03,2019-06-10,12,Week 12,false,false
4,2019,2019-06-10,2019-06-17,13,Week 13,false,false
4,2019,2019-06-17,2019-06-24,14,Week 14,false,false
4,2019,2019-06-24,2019-07-01,15,Week 15,false,false
4,2019,2019-07-01,2019-07-08,16,Week 16,false,false
4,2019,2019-07-08,2019-07-15,17,Week 17,false,false
4,2019,2019-07-15,2019-07-22,18,Week 18,false,false
4,2019,2019-07-22,2019-07-29,19,Week 19,false,false
4,2019,2019-07-29,2019-08-05,20,Week 20,false,false
4,2019,2019-08-05,2019-08-12,21,Week 21,false,false
4,2019,2019-08-12,2019-08-19,22,Week 22,false,false
4,2019,2019-08-19,2019-08-26,23,Week 23,false,false
4,2019,2019-08-26,2019-09-02,24,Week 24,false,false
4,2019,2019-09-02,2019-09-09,25,Week 25,false,false
4,2019,2019-09-09,2019-09-16,26,Week 26,false,false
4,2019,2019-09-16,2019-09-23,27,Week 27,false,false
4,2019,2019-09-23,2019-09-30,28,Week 28,false,false
4,2019,2019-09-30,2019-10-07,1,Postseason Week 1,false,true
4,2019,2019-10-07,2019-10-14,2,Postseason Week 2,false,true
4,2019,2019-10-14,2019-10-21,3,Postseason Week 3,false,true
4,2019,2019-10-21,2019-10-28,4,Postseason Week 4,false,true
4,2019,2019-10-28,2019-11-04,5,Postseason Week 5,false,true
4,2019,2019-02-25,2019-03-04,1,Preseason Week 1,true,false
4,2019,2019-03-04,2019-03-11,2,Preseason Week 2,true,false
4,2019,2019-03-11,2019-03-18,3,Preseason Week 3,true,false
4,2019,2019-03-18,2019-03-25,4,Preseason Week 4,true,false
4,2019,2019-03-25,2019-04-01,5,Preseason Week 5,true,false
4,2020,2020-07-20,2020-07-27,1,Week 1,false,false
4,2020,2020-07-27,2020-08-03,2,Week 2,false,false
4,2020,2020-08-03,2020-08-10,3,Week 3,false,false
4,2020,2020-08-10,2020-08-17,4,Week 4,false,false
4,2020,2020-08-17,2020-08-24,5,Week 5,false,false
4,2020,2020-08-24,2020-08-31,6,Week 6,false,false
4,2020,2020-08-31,2020-09-07,7,Week 7,false,false
4,2020,2020-09-07,2020-09-14,8,Week 8,false,false
4,2020,2020-09-14,2020-09-21,9,Week 9,false,false
4,2020,2020-09-21,2020-09-28,10,Week 10,false,false
4,2020,2020-09-28,2020-10-05,1,Postseason Week 1,false,true
4,2020,2020-10-05,2020-10-12,2,Postseason Week 2,false,true
4,2020,2020-10-12,2020-10-19,3,Postseason Week 3,false,true
4,2020,2020-10-19,2020-10-26,4,Postseason Week 4,false,true
4,2020,2020-10-26,2020-11-02,5,Postseason Week 5,false,true
4,2020,2020-02-24,2020-03-02,1,Preseason Week 1,true,false
4,2020,2020-03-02,2020-03-09,2,Preseason Week 2,true,false
4,2020,2020-03-09,2020-03-16,3,Preseason Week 3,true,false
4,2020,2020-07-13,2020-07-20,4,Preseason Week 4,true,false
4,2020,2020-07-20,2020-07-27,5,Preseason Week 5,true,false
4,2021,2021-03-29,2021-04-05,1,Week 1,false,false
4,2021,2021-04-05,2021-04-12,2,Week 2,false,false
4,2021,2021-04-12,2021-04-19,3,Week 3,false,false
4,2021,2021-04-19,2021-04-26,4,Week 4,false,false
4,2021,2021-04-26,2021-05-03,5,Week 5,false,false
4,2021,2021-05-03,2021-05-10,6,Week 6,false,false
4,2021,2021-05-10,2021-05-17,7,Week 7,false,false
4,2021,2021-05-17,2021-05-24,8,Week 8,false,false
4,2021,2021-05-24,2021-05-31,9,Week 9,false,false
4,2021,2021-05-31,2021-06-07,10,Week 10,false,false
4,2021,2021-06-07,2021-06-14,11,Week 11,false,false
4,2021,2021-06-14,2021-06-21,12,Week 12,false,false
4,2021,2021-06-21,2021-06-28,13,Week 13,false,false
4,2021,2021-06-28,2021-07-05,14,Week 14,false,false
4,2021,2021-07-05,2021-07-12,15,Week 15,false,false
4,2021,2021-07-12,2021-07-19,16,Week 16,false,false
4,2021,2021-07-19,2021-07-26,17,Week 17,false,false
4,2021,2021-07-26,2021-08-02,18,Week 18,false,false
4,2021,2021-08-02,2021-08-09,19,Week 19,false,false
4,2021,2021-08-09,2021-08-16,20,Week 20,false,false
4,2021,2021-08-16,2021-08-23,21,Week 21,false,false
4,2021,2021-08-23,2021-08-30,22,Week 22,false,false
4,2021,2021-08-30,2021-09-06,23,Week 23,false,false
4,2021,2021-09-06,2021-09-13,24,Week 24,false,false
4,2021,2021-09-13,2021-09-20,25,Week 25,false,false
4,2021,2021-09-20,2021-09-27,26,Week 26,false,false
4,2021,2021-09-27,2021-10-04,27,Week 27,false,false
4,2021,2021-10-04,2021-10-11,1,Postseason Week 1,false,true
4,2021,2021-10-11,2021-10-18,2,Postseason Week 2,false,true
4,2021,2021-10-18,2021-10-25,3,Postseason Week 3,false,true
4,2021,2021-10-25,2021-11-01,4,Postseason Week 4,false,true
4,2021,2021-11-01,2021-11-08,5,Postseason Week 5,false,true
4,2021,2021-03-01,2021-03-08,1,Preseason Week 1,true,false
4,2021,2021-03-08,2021-03-15,2,Preseason Week 2,true,false
4,2021,2021-03-15,2021-03-22,3,Preseason Week 3,true,false
4,2021,2021-03-22,2021-03-29,4,Preseason Week 4,true,false
4,2021,2021-03-29,2021-04-05,5,Preseason Week 5,true,false
4,2022,2022-04-04,2022-04-11,1,Week 1,false,false
4,2022,2022-04-11,2022-04-18,2,Week 2,false,false
4,2022,2022-04-18,2022-04-25,3,Week 3,false,false
4,2022,2022-04-25,2022-05-02,4,Week 4,false,false
4,2022,2022-05-02,2022-05-09,5,Week 5,false,false
4,2022,2022-05-09,2022-05-16,6,Week 6,false,false
4,2022,2022-05-16,2022-05-23,7,Week 7,false,false
4,2022,2022-05-23,2022-05-30,8,Week 8,false,false
4,2022,2022-05-30,2022-06-06,9,Week 9,false,false
4,2022,2022-06-06,2022-06-13,10,Week 10,false,false
4,2022,2022-06-13,2022-06-20,11,Week 11,false,false
4,2022,2022-06-20,2022-06-27,12,Week 12,false,false
4,2022,2022-06-27,2022-07-04,13,Week 13,false,false
4,2022,2022-07-04,2022-07-11,14,Week 14,false,false
4,2022,2022-07-11,2022-07-18,15,Week 15,false,false
4,2022,2022-07-18,2022-07-25,16,Week 16,false,false
4,2022,2022-07-25,2022-08-01,17,Week 17,false,false
4,2022,2022-08-01,2022-08-08,18,Week 18,false,false
4,2022,2022-08-08,2022-08-15,19,Week 19,false,false
4,2022,2022-08-15,2022-08-22,20,Week 20,false,false
4,2022,2022-08-22,2022-08-29,21,Week 21,false,false
4,2022,2022-08-29,2022-09-05,22,Week 22,false,false
4,2022,2022-09-05,2022-09-12,23,Week 23,false,false
4,2022,2022-09-12,2022-09-19,24,Week 24,false,false
4,2022,2022-09-19,2022-09-26,25,Week 25,false,false
4,2022,2022-09-26,2022-10-03,26,Week 26,false,false
4,2022,2022-10-03,2022-10-10,27,Week 27,false,false
4,2022,2022-10-03,2022-10-10,1,Postseason Week 1,false,true
4,2022,2022-10-10,2022-10-17,2,Postseason Week 2,false,true
4,2022,2022-10-17,2022-10-24,3,Postseason Week 3,false,true
4,2022,2022-10-24,2022-10-31,4,Postseason Week 4,false,true
4,2022,2022-10-31,2022-11-07,5,Postseason Week 5,false,true
4,2022,2022-03-14,2022-03-21,1,Preseason Week 1,true,false
4,2022,2022-03-21,2022-03-28,2,Preseason Week 2,true,false
4,2022,2022-03-28,2022-04-04,3,Preseason Week 3,true,false
4,2022,2022-04-04,2022-04-11,4,Preseason Week 4,true,false
4,2023,2023-03-27,2023-04-03,1,Week 1,false,false
4,2023,2023-04-03,2023-04-10,2,Week 2,false,false
4,2023,2023-04-10,2023-04-17,3,Week 3,false,false
4,2023,2023-04-17,2023-04-24,4,Week 4,false,false
4,2023,2023-04-24,2023-05-01,5,Week 5,false,false
4,2023,2023-05-01,2023-05-08,6,Week 6,false,false
4,2023,2023-05-08,2023-05-15,7,Week 7,false,false
4,2023,2023-05-15,2023-05-22,8,Week 8,false,false
4,2023,2023-05-22,2023-05-29,9,Week 9,false,false
4,2023,2023-05-29,2023-06-05,10,Week 10,false,false
4,2023,2023-06-05,2023-06-12,11,Week 11,false,false
4,2023,2023-06-12,2023-06-19,12,Week 12,false,false
4,2023,2023-06-19,2023-06-26,13,Week 13,false,false
4,2023,2023-06-26,2023-07-03,14,Week 14,false,false
4,2023,2023-07-03,2023-07-10,15,Week 15,false,false
4,2023,2023-07-10,2023-07-17,16,Week 16,false,false
4,2023,2023-07-17,2023-07-24,17,Week 17,false,false
4,2023,2023-07-24,2023-07-31,18,Week 18,false,false
4,2023,2023-07-31,2023-08-07,19,Week 19,false,false
4,2023,2023-08-07,2023-08-14,20,Week 20,false,false
4,2023,2023-08-14,2023-08-21,21,Week 21,false,false
4,2023,2023-08-21,2023-08-28,22,Week 22,false,false
4,2023,2023-08-28,2023-09-04,23,Week 23,false,false
4,2023,2023-09-04,2023-09-11,24,Week 24,false,false
4,2023,2023-09-11,2023-09-18,25,Week 25,false,false
4,2023,2023-09-18,2023-09-25,26,Week 26,false,false
4,2023,2023-09-25,2023-10-02,27,Week 27,false,false
4,2023,2023-10-02,2023-10-09,1,Postseason Week 1,false,true
4,2023,2023-10-09,2023-10-16,2,Postseason Week 2,false,true
4,2023,2023-10-16,2023-10-23,3,Postseason Week 3,false,true
4,2023,2023-10-23,2023-10-30,4,Postseason Week 4,false,true
4,2023,2023-10-30,2023-11-06,5,Postseason Week 5,false,true
4,2023,2023-02-27,2023-03-06,1,Preseason Week 1,true,false
4,2023,2023-03-06,2023-03-13,2,Preseason Week 2,true,false
4,2023,2023-03-13,2023-03-20,3,Preseason Week 3,true,false
4,2023,2023-03-20,2023-03-27,4,Preseason Week 4,true,false
4,2023,2023-03-27,2023-04-03,5,Preseason Week 5,true,false
4,2024,2024-03-18,2024-03-25,1,Week 1,false,false
4,2024,2024-03-25,2024-04-01,2,Week 2,false,false
4,2024,2024-04-01,2024-04-08,3,Week 3,false,false
4,2024,2024-04-08,2024-04-15,4,Week 4,false,false
4,2024,2024-04-15,2024-04-22,5,Week 5,false,false
4,2024,2024-04-22,2024-04-29,6,Week 6,false,false
4,2024,2024-04-29,2024-05-06,7,Week 7,false,false
4,2024,2024-05-06,2024-05-13,8,Week 8,false,false
4,2024,2024-05-13,2024-05-20,9,Week 9,false,false
4,2024,2024-05-20,2024-05-27,10,Week 10,false,false
4,2024,2024-05-27,2024-06-03,11,Week 11,false,false
4,2024,2024-06-03,2024-06-10,12,Week 12,false,false
4,2024,2024-06-10,2024-06-17,13,Week 13,false,false
4,2024,2024-06-17,2024-06-24,14,Week 14,false,false
4,2024,2024-06-24,2024-07-01,15,Week 15,false,false
4,2024,2024-07-01,2024-07-08,16,Week 16,false,false
4,2024,2024-07-08,2024-07-15,17,Week 17,false,false
4,2024,2024-07-15,2024-07-22,18,Week 18,false,false
4,2024,2024-07-22,2024-07-29,19,Week 19,false,false
4,2024,2024-07-29,2024-08-05,20,Week 20,false,false
4,2024,2024-08-05,2024-08-12,21,Week 21,false,false
4,2024,2024-08-12,2024-08-19,22,Week 22,false,false
4,2024,2024-08-19,2024-08-26,23,Week 23,false,false
4,2024,2024-08-26,2024-09-02,24,Week 24,false,false
4,2024,2024-09-02,2024-09-09,25,Week 25,false,false
4,2024,2024-09-09,2024-09-16,26,Week 26,false,false
4,2024,2024-09-16,2024-09-23,27,Week 27,false,false
4,2024,2024-09-23,2024-09-30,28,Week 28,false,false
4,2024,2024-09-30,2024-10-07,29,Week 29,false,false
4,2024,2024-09-30,2024-10-07,1,Postseason Week 1,false,true
4,2024,2024-10-07,2024-10-14,2,Postseason Week 2,false,true
4,2024,2024-10-14,2024-10-21,3,Postseason Week 3,false,true
4,2024,2024-10-21,2024-10-28,4,Postseason Week 4,false,true
4,2024,2024-10-28,2024-11-04,5,Postseason Week 5,false,true
4,2024,2024-02-26,2024-03-04,1,Preseason Week 1,true,false
4,2024,2024-03-04,2024-03-11,2,Preseason Week 2,true,false
4,2024,2024-03-11,2024-03-18,3,Preseason Week 3,true,false
4,2024,2024-03-18,2024-03-25,4,Preseason Week 4,true,false
4,2024,2024-03-25,2024-04-01,5,Preseason Week 5,true,false
4,2025,2025-03-17,2025-03-24,1,Week 1,false,false
4,2025,2025-03-24,2025-03-31,2,Week 2,false,false
4,2025,2025-03-31,2025-04-07,3,Week 3,false,false
4,2025,2025-04-07,2025-04-14,4,Week 4,false,false
4,2025,2025-04-14,2025-04-21,5,Week 5,false,false
4,2025,2025-04-21,2025-04-28,6,Week 6,false,false
4,2025,2025-04-28,2025-05-05,7,Week 7,false,false
4,2025,2025-05-05,2025-05-12,8,Week 8,false,false
4,2025,2025-05-12,2025-05-19,9,Week 9,false,false
4,2025,2025-05-19,2025-05-26,10,Week 10,false,false
4,2025,2025-05-26,2025-06-02,11,Week 11,false,false
4,2025,2025-06-02,2025-06-09,12,Week 12,false,false
4,2025,2025-06-09,2025-06-16,13,Week 13,false,false
4,2025,2025-06-16,2025-06-23,14,Week 14,false,false
4,2025,2025-06-23,2025-06-30,15,Week 15,false,false
4,2025,2025-06-30,2025-07-07,16,Week 16,false,false
4,2025,2025-07-07,2025-07-14,17,Week 17,false,false
4,2025,2025-07-14,2025-07-21,18,Week 18,false,false
4,2025,2025-07-21,2025-07-28,19,Week 19,false,false
4,2025,2025-07-28,2025-08-04,20,Week 20,false,false
4,2025,2025-08-04,2025-08-11,21,Week 21,false,false
4,2025,2025-08-11,2025-08-18,22,Week 22,false,false
4,2025,2025-08-18,2025-08-25,23,Week 23,false,false
4,2025,2025-08-25,2025-09-01,24,Week 24,false,false
4,2025,2025-09-01,2025-09-08,25,Week 25,false,false
4,2025,2025-09-08,2025-09-15,26,Week 26,false,false
4,2025,2025-09-15,2025-09-22,27,Week 27,false,false
4,2025,2025-09-22,2025-09-29,28,Week 28,false,false
4,2025,2025-09-29,2025-10-06,1,Postseason Week 1,false,true
4,2025,2025-10-06,2025-10-13,2,Postseason Week 2,false,true
4,2025,2025-10-13,2025-10-20,3,Postseason Week 3,false,true
4,2025,2025-10-20,2025-10-27,4,Postseason Week 4,false,true
4,2025,2025-10-27,2025-11-03,5,Postseason Week 5,false,true
4,2025,2025-02-24,2025-03-03,1,Preseason Week 1,true,false
4,2025,2025-03-03,2025-03-10,2,Preseason Week 2,true,false
4,2025,2025-03-10,2025-03-17,3,Preseason Week 3,true,false
4,2025,2025-03-17,2025-03-24,4,Preseason Week 4,true,false
4,2025,2025-03-24,2025-03-31,5,Preseason Week 5,true,false
4,2026,2026-03-23,2026-03-30,1,Week 1,false,false
4,2026,2026-03-30,2026-04-06,2,Week 2,false,false
4,2026,2026-04-06,2026-04-13,3,Week 3,false,false
4,2026,2026-04-13,2026-04-20,4,Week 4,false,false
4,2026,2026-04-20,2026-04-27,5,Week 5,false,false
4,2026,2026-04-27,2026-05-04,6,Week 6,false,false
4,2026,2026-05-04,2026-05-11,7,Week 7,false,false
4,2026,2026-05-11,2026-05-18,8,Week 8,false,false
4,2026,2026-05-18,2026-05-25,9,Week 9,false,false
4,2026,2026-05-25,2026-06-01,10,Week 10,false,false
4,2026,2026-06-01,2026-06-08,11,Week 11,false,false
4,2026,2026-06-08,2026-06-15,12,Week 12,false,false
4,2026,2026-06-15,2026-06-22,13,Week 13,false,false
4,2026,2026-06-22,2026-06-29,14,Week 14,false,false
4,2026,2026-06-29,2026-07-06,15,Week 15,false,false
4,2026,2026-07-06,2026-07-13,16,Week 16,false,false
4,2026,2026-07-13,2026-07-20,17,Week 17,false,false
4,2026,2026-07-20,2026-07-27,18,Week 18,false,false
4,2026,2026-07-27,2026-08-03,19,Week 19,false,false
4,2026,2026-08-03,2026-08-10,20,Week 20,false,false
4,2026,2026-08-10,2026-08-17,21,Week 21,false,false
4,2026,2026-08-17,2026-08-24,22,Week 22,false,false
4,2026,2026-08-24,2026-08-31,23,Week 23,false,false
4,2026,2026-08-31,2026-09-07,24,Week 24,false,false
4,2026,2026-09-07,2026-09-14,25,Week 25,false,false
4,2026,2026-09-14,2026-09-21,26,Week 26,false,false
4,2026,2026-09-21,2026-09-28,27,Week 27,false,false
4,2026,2026-02-23,2026-03-02,1,Preseason Week 1,true,false
4,2026,2026-03-02,2026-03-09,2,Preseason Week 2,true,false
4,2026,2026-03-09,2026-03-16,3,Preseason Week 3,true,false
4,2026,2026-03-16,2026-03-23,4,Preseason Week 4,true,false
4,2026,2026-03-23,2026-03-30,5,Preseason Week 5,true,false
6,2015,2014-11-10,2014-11-17,1,Week 1,false,false
6,2015,2014-11-17,2014-11-24,2,Week 2,false,false
6,2015,2014-11-24,2014-12-01,3,Week 3,false,false
6,2015,2014-12-01,2014-12-08,4,Week 4,false,false
6,2015,2014-12-08,2014-12-15,5,Week 5,false,false
6,2015,2014-12-15,2014-12-22,6,Week 6,false,false
6,2015,2014-12-22,2014-12-29,7,Week 7,false,false
6,2015,2014-12-29,2015-01-05,8,Week 8,false,false
6,2015,2015-01-05,2015-01-12,9,Week 9,false,false
6,2015,2015-01-12,2015-01-19,10,Week 10,false,false
6,2015,2015-01-19,2015-01-26,11,Week 11,false,false
6,2015,2015-01-26,2015-02-02,12,Week 12,false,false
6,2015,2015-02-02,2015-02-09,13,Week 13,false,false
6,2015,2015-02-09,2015-02-16,14,Week 14,false,false
6,2015,2015-02-16,2015-02-23,15,Week 15,false,false
6,2015,2015-02-23,2015-03-02,16,Week 16,false,false
6,2015,2015-03-02,2015-03-09,17,Week 17,false,false
6,2015,2015-03-09,2015-03-16,18,Week 18,false,false
6,2015,2015-03-16,2015-03-23,1,Postseason Week 1,false,true
6,2015,2015-03-23,2015-03-30,2,Postseason Week 2,false,true
6,2015,2015-03-30,2015-04-06,3,Postseason Week 3,false,true
6,2015,2015-04-06,2015-04-13,4,Postseason Week 4,false,true
6,2016,2015-11-09,2015-11-16,1,Week 1,false,false
6,2016,2015-11-16,2015-11-23,2,Week 2,false,false
6,2016,2015-11-23,2015-11-30,3,Week 3,false,false
6,2016,2015-11-30,2015-12-07,4,Week 4,false,false
6,2016,2015-12-07,2015-12-14,5,Week 5,false,false
6,2016,2015-12-14,2015-12-21,6,Week 6,false,false
6,2016,2015-12-21,2015-12-28,7,Week 7,false,false
6,2016,2015-12-28,2016-01-04,8,Week 8,false,false
6,2016,2016-01-04,2016-01-11,9,Week 9,false,false
6,2016,2016-01-11,2016-01-18,10,Week 10,false,false
6,2016,2016-01-18,2016-01-25,11,Week 11,false,false
6,2016,2016-01-25,2016-02-01,12,Week 12,false,false
6,2016,2016-02-01,2016-02-08,13,Week 13,false,false
6,2016,2016-02-08,2016-02-15,14,Week 14,false,false
6,2016,2016-02-15,2016-02-22,15,Week 15,false,false
6,2016,2016-02-22,2016-02-29,16,Week 16,false,false
6,2016,2016-02-29,2016-03-07,17,Week 17,false,false
6,2016,2016-03-07,2016-03-14,18,Week 18,false,false
6,2016,2016-03-14,2016-03-21,1,Postseason Week 1,false,true
6,2016,2016-03-21,2016-03-28,2,Postseason Week 2,false,true
6,2016,2016-03-28,2016-04-04,3,Postseason Week 3,false,true
6,2016,2016-04-04,2016-04-11,4,Postseason Week 4,false,true
6,2017,2016-11-07,2016-11-14,1,Week 1,false,false
6,2017,2016-11-14,2016-11-21,2,Week 2,false,false
6,2017,2016-11-21,2016-11-28,3,Week 3,false,false
6,2017,2016-11-28,2016-12-05,4,Week 4,false,false
6,2017,2016-12-05,2016-12-12,5,Week 5,false,false
6,2017,2016-12-12,2016-12-19,6,Week 6,false,false
6,2017,2016-12-19,2016-12-26,7,Week 7,false,false
6,2017,2016-12-26,2017-01-02,8,Week 8,false,false
6,2017,2017-01-02,2017-01-09,9,Week 9,false,false
6,2017,2017-01-09,2017-01-16,10,Week 10,false,false
6,2017,2017-01-16,2017-01-23,11,Week 11,false,false
6,2017,2017-01-23,2017-01-30,12,Week 12,false,false
6,2017,2017-01-30,2017-02-06,13,Week 13,false,false
6,2017,2017-02-06,2017-02-13,14,Week 14,false,false
6,2017,2017-02-13,2017-02-20,15,Week 15,false,false
6,2017,2017-02-20,2017-02-27,16,Week 16,false,false
6,2017,2017-02-27,2017-03-06,17,Week 17,false,false
6,2017,2017-03-06,2017-03-13,18,Week 18,false,false
6,2017,2017-03-13,2017-03-20,19,Week 19,false,false
6,2017,2017-03-13,2017-03-20,1,Postseason Week 1,false,true
6,2017,2017-03-20,2017-03-27,2,Postseason Week 2,false,true
6,2017,2017-03-27,2017-04-03,3,Postseason Week 3,false,true
6,2017,2017-04-03,2017-04-10,4,Postseason Week 4,false,true
6,2018,2017-11-06,2017-11-13,1,Week 1,false,false
6,2018,2017-11-13,2017-11-20,2,Week 2,false,false
6,2018,2017-11-20,2017-11-27,3,Week 3,false,false
6,2018,2017-11-27,2017-12-04,4,Week 4,false,false
6,2018,2017-12-04,2017-12-11,5,Week 5,false,false
6,2018,2017-12-11,2017-12-18,6,Week 6,false,false
6,2018,2017-12-18,2017-12-25,7,Week 7,false,false
6,2018,2017-12-25,2018-01-01,8,Week 8,false,false
6,2018,2018-01-01,2018-01-08,9,Week 9,false,false
6,2018,2018-01-08,2018-01-15,10,Week 10,false,false
6,2018,2018-01-15,2018-01-22,11,Week 11,false,false
6,2018,2018-01-22,2018-01-29,12,Week 12,false,false
6,2018,2018-01-29,2018-02-05,13,Week 13,false,false
6,2018,2018-02-05,2018-02-12,14,Week 14,false,false
6,2018,2018-02-12,2018-02-19,15,Week 15,false,false
6,2018,2018-02-19,2018-02-26,16,Week 16,false,false
6,2018,2018-02-26,2018-03-05,17,Week 17,false,false
6,2018,2018-03-05,2018-03-12,18,Week 18,false,false
6,2018,2018-03-12,2018-03-19,1,Postseason Week 1,false,true
6,2018,2018-03-19,2018-03-26,2,Postseason Week 2,false,true
6,2018,2018-03-26,2018-04-02,3,Postseason Week 3,false,true
6,2018,2018-04-02,2018-04-09,4,Postseason Week 4,false,true
6,2019,2018-11-05,2018-11-12,1,Week 1,false,false
6,2019,2018-11-12,2018-11-19,2,Week 2,false,false
6,2019,2018-11-19,2018-11-26,3,Week 3,false,false
6,2019,2018-11-26,2018-12-03,4,Week 4,false,false
6,2019,2018-12-03,2018-12-10,5,Week 5,false,false
6,2019,2018-12-10,2018-12-17,6,Week 6,false,false
6,2019,2018-12-17,2018-12-24,7,Week 7,false,false
6,2019,2018-12-24,2018-12-31,8,Week 8,false,false
6,2019,2018-12-31,2019-01-07,9,Week 9,false,false
6,2019,2019-01-07,2019-01-14,10,Week 10,false,false
6,2019,2019-01-14,2019-01-21,11,Week 11,false,false
6,2019,2019-01-21,2019-01-28,12,Week 12,false,false
6,2019,2019-01-28,2019-02-04,13,Week 13,false,false
6,2019,2019-02-04,2019-02-11,14,Week 14,false,false
6,2019,2019-02-11,2019-02-18,15,Week 15,false,false
6,2019,2019-02-18,2019-02-25,16,Week 16,false,false
6,2019,2019-02-25,2019-03-04,17,Week 17,false,false
6,2019,2019-03-04,2019-03-11,18,Week 18,false,false
6,2019,2019-03-11,2019-03-18,19,Week 19,false,false
6,2019,2019-03-18,2019-03-25,1,Postseason Week 1,false,true
6,2019,2019-03-25,2019-04-01,2,Postseason Week 2,false,true
6,2019,2019-04-01,2019-04-08,3,Postseason Week 3,false,true
6,2019,2019-04-08,2019-04-15,4,Postseason Week 4,false,true
6,2020,2019-11-04,2019-11-11,1,Week 1,false,false
6,2020,2019-11-11,2019-11-18,2,Week 2,false,false
6,2020,2019-11-18,2019-11-25,3,Week 3,false,false
6,2020,2019-11-25,2019-12-02,4,Week 4,false,false
6,2020,2019-12-02,2019-12-09,5,Week 5,false,false
6,2020,2019-12-09,2019-12-16,6,Week 6,false,false
6,2020,2019-12-16,2019-12-23,7,Week 7,false,false
6,2020,2019-12-23,2019-12-30,8,Week 8,false,false
6,2020,2019-12-30,2020-01-06,9,Week 9,false,false
6,2020,2020-01-06,2020-01-13,10,Week 10,false,false
6,2020,2020-01-13,2020-01-20,11,Week 11,false,false
6,2020,2020-01-20,2020-01-27,12,Week 12,false,false
6,2020,2020-01-27,2020-02-03,13,Week 13,false,false
6,2020,2020-02-03,2020-02-10,14,Week 14,false,false
6,2020,2020-02-10,2020-02-17,15,Week 15,false,false
6,2020,2020-02-17,2020-02-24,16,Week 16,false,false
6,2020,2020-02-24,2020-03-02,17,Week 17,false,false
6,2020,2020-03-02,2020-03-09,18,Week 18,false,false
6,2020,2020-03-09,2020-03-16,19,Week 19,false,false
6,2020,2020-03-16,2020-03-23,1,Postseason Week 1,false,true
6,2020,2020-03-23,2020-03-30,2,Postseason Week 2,false,true
6,2020,2020-03-30,2020-04-06,3,Postseason Week 3,false,true
6,2020,2020-04-06,2020-04-13,4,Postseason Week 4,false,true
6,2021,2020-11-23,2020-11-30,1,Week 1,false,false
6,2021,2020-11-30,2020-12-07,2,Week 2,false,false
6,2021,2020-12-07,2020-12-14,3,Week 3,false,false
6,2021,2020-12-14,2020-12-21,4,Week 4,false,false
6,2021,2020-12-21,2020-12-28,5,Week 5,false,false
6,2021,2020-12-28,2021-01-04,6,Week 6,false,false
6,2021,2021-01-04,2021-01-11,7,Week 7,false,false
6,2021,2021-01-11,2021-01-18,8,Week 8,false,false
6,2021,2021-01-18,2021-01-25,9,Week 9,false,false
6,2021,2021-01-25,2021-02-01,10,Week 10,false,false
6,2021,2021-02-01,2021-02-08,11,Week 11,false,false
6,2021,2021-02-08,2021-02-15,12,Week 12,false,false
6,2021,2021-02-15,2021-02-22,13,Week 13,false,false
6,2021,2021-02-22,2021-03-01,14,Week 14,false,false
6,2021,2021-03-01,2021-03-08,15,Week 15,false,false
6,2021,2021-03-08,2021-03-15,16,Week 16,false,false
6,2021,2021-03-15,2021-03-22,1,Postseason Week 1,false,true
6,2021,2021-03-22,2021-03-29,2,Postseason Week 2,false,true
6,2021,2021-03-29,2021-04-05,3,Postseason Week 3,false,true
6,2021,2021-04-05,2021-04-12,4,Postseason Week 4,false,true
6,2022,2021-11-08,2021-11-15,1,Week 1,false,false
6,2022,2021-11-15,2021-11-22,2,Week 2,false,false
6,2022,2021-11-22,2021-11-29,3,Week 3,false,false
6,2022,2021-11-29,2021-12-06,4,Week 4,false,false
6,2022,2021-12-06,2021-12-13,5,Week 5,false,false
6,2022,2021-12-13,2021-12-20,6,Week 6,false,false
6,2022,2021-12-20,2021-12-27,7,Week 7,false,false
6,2022,2021-12-27,2022-01-03,8,Week 8,false,false
6,2022,2022-01-03,2022-01-10,9,Week 9,false,false
6,2022,2022-01-10,2022-01-17,10,Week 10,false,false
6,2022,2022-01-17,2022-01-24,11,Week 11,false,false
6,2022,2022-01-24,2022-01-31,12,Week 12,false,false
6,2022,2022-01-31,2022-02-07,13,Week 13,false,false
6,2022,2022-02-07,2022-02-14,14,Week 14,false,false
6,2022,2022-02-14,2022-02-21,15,Week 15,false,false
6,2022,2022-02-21,2022-02-28,16,Week 16,false,false
6,2022,2022-02-28,2022-03-07,17,Week 17,false,false
6,2022,2022-03-07,2022-03-14,18,Week 18,false,false
6,2022,2022-03-14,2022-03-21,1,Postseason Week 1,false,true
6,2022,2022-03-21,2022-03-28,2,Postseason Week 2,false,true
6,2022,2022-03-28,2022-04-04,3,Postseason Week 3,false,true
6,2022,2022-04-04,2022-04-11,4,Postseason Week 4,false,true
6,2023,2022-11-07,2022-11-14,1,Week 1,false,false
6,2023,2022-11-14,2022-11-21,2,Week 2,false,false
6,2023,2022-11-21,2022-11-28,3,Week 3,false,false
6,2023,2022-11-28,2022-12-05,4,Week 4,false,false
6,2023,2022-12-05,2022-12-12,5,Week 5,false,false
6,2023,2022-12-12,2022-12-19,6,Week 6,false,false
6,2023,2022-12-19,2022-12-26,7,Week 7,false,false
6,2023,2022-12-26,2023-01-02,8,Week 8,false,false
6,2023,2023-01-02,2023-01-09,9,Week 9,false,false
6,2023,2023-01-09,2023-01-16,10,Week 10,false,false
6,2023,2023-01-16,2023-01-23,11,Week 11,false,false
6,2023,2023-01-23,2023-01-30,12,Week 12,false,false
6,2023,2023-01-30,2023-02-06,13,Week 13,false,false
6,2023,2023-02-06,2023-02-13,14,Week 14,false,false
6,2023,2023-02-13,2023-02-20,15,Week 15,false,false
6,2023,2023-02-20,2023-02-27,16,Week 16,false,false
6,2023,2023-02-27,2023-03-06,17,Week 17,false,false
6,2023,2023-03-06,2023-03-13,18,Week 18,false,false
6,2023,2023-03-13,2023-03-20,1,Postseason Week 1,false,true
6,2023,2023-03-20,2023-03-27,2,Postseason Week 2,false,true
6,2023,2023-03-27,2023-04-03,3,Postseason Week 3,false,true
6,2023,2023-04-03,2023-04-10,4,Postseason Week 4,false,true
6,2024,2023-11-06,2023-11-13,1,Week 1,false,false
6,2024,2023-11-13,2023-11-20,2,Week 2,false,false
6,2024,2023-11-20,2023-11-27,3,Week 3,false,false
6,2024,2023-11-27,2023-12-04,4,Week 4,false,false
6,2024,2023-12-04,2023-12-11,5,Week 5,false,false
6,2024,2023-12-11,2023-12-18,6,Week 6,false,false
6,2024,2023-12-18,2023-12-25,7,Week 7,false,false
6,2024,2023-12-25,2024-01-01,8,Week 8,false,false
6,2024,2024-01-01,2024-01-08,9,Week 9,false,false
6,2024,2024-01-08,2024-01-15,10,Week 10,false,false
6,2024,2024-01-15,2024-01-22,11,Week 11,false,false
6,2024,2024-01-22,2024-01-29,12,Week 12,false,false
6,2024,2024-01-29,2024-02-05,13,Week 13,false,false
6,2024,2024-02-05,2024-02-12,14,Week 14,false,false
6,2024,2024-02-12,2024-02-19,15,Week 15,false,false
6,2024,2024-02-19,2024-02-26,16,Week 16,false,false
6,2024,2024-02-26,2024-03-04,17,Week 17,false,false
6,2024,2024-03-04,2024-03-11,18,Week 18,false,false
6,2024,2024-03-11,2024-03-18,19,Week 19,false,false
6,2024,2024-03-18,2024-03-25,1,Postseason Week 1,false,true
6,2024,2024-03-25,2024-04-01,2,Postseason Week 2,false,true
6,2024,2024-04-01,2024-04-08,3,Postseason Week 3,false,true
6,2024,2024-04-08,2024-04-15,4,Postseason Week 4,false,true
6,2025,2024-11-04,2024-11-11,1,Week 1,false,false
6,2025,2024-11-11,2024-11-18,2,Week 2,false,false
6,2025,2024-11-18,2024-11-25,3,Week 3,false,false
6,2025,2024-11-25,2024-12-02,4,Week 4,false,false
6,2025,2024-12-02,2024-12-09,5,Week 5,false,false
6,2025,2024-12-09,2024-12-16,6,Week 6,false,false
6,2025,2024-12-16,2024-12-23,7,Week 7,false,false
6,2025,2024-12-23,2024-12-30,8,Week 8,false,false
6,2025,2024-12-30,2025-01-06,9,Week 9,false,false
6,2025,2025-01-06,2025-01-13,10,Week 10,false,false
6,2025,2025-01-13,2025-01-20,11,Week 11,false,false
6,2025,2025-01-20,2025-01-27,12,Week 12,false,false
6,2025,2025-01-27,2025-02-03,13,Week 13,false,false
6,2025,2025-02-03,2025-02-10,14,Week 14,false,false
6,2025,2025-02-10,2025-02-17,15,Week 15,false,false
6,2025,2025-02-17,2025-02-24,16,Week 16,false,false
6,2025,2025-02-24,2025-03-03,17,Week 17,false,false
6,2025,2025-03-03,2025-03-10,18,Week 18,false,false
6,2025,2025-03-10,2025-03-17,19,Week 19,false,false
6,2025,2025-03-17,2025-03-24,1,Postseason Week 1,false,true
6,2025,2025-03-24,2025-03-31,2,Postseason Week 2,false,true
6,2025,2025-03-31,2025-04-07,3,Postseason Week 3,false,true
6,2025,2025-04-07,2025-04-14,4,Postseason Week 4,false,true
6,2026,2025-11-03,2025-11-10,1,Week 1,false,false
6,2026,2025-11-10,2025-11-17,2,Week 2,false,false
6,2026,2025-11-17,2025-11-24,3,Week 3,false,false
6,2026,2025-11-24,2025-12-01,4,Week 4,false,false
6,2026,2025-12-01,2025-12-08,5,Week 5,false,false
6,2026,2025-12-08,2025-12-15,6,Week 6,false,false
6,2026,2025-12-15,2025-12-22,7,Week 7,false,false
6,2026,2025-12-22,2025-12-29,8,Week 8,false,false
6,2026,2025-12-29,2026-01-05,9,Week 9,false,false
6,2026,2026-01-05,2026-01-12,10,Week 10,false,false
6,2026,2026-01-12,2026-01-19,11,Week 11,false,false
6,2026,2026-01-19,2026-01-26,12,Week 12,false,false
6,2026,2026-01-26,2026-02-02,13,Week 13,false,false
6,2026,2026-02-02,2026-02-09,14,Week 14,false,false
6,2026,2026-02-09,2026-02-16,15,Week 15,false,false
6,2026,2026-02-16,2026-02-23,16,Week 16,false,false
6,2026,2026-02-23,2026-03-02,17,Week 17,false,false
6,2026,2026-03-02,2026-03-09,18,Week 18,false,false
6,2026,2026-03-09,2026-03-16,19,Week 19,false,false
6,2026,2026-03-16,2026-03-23,1,Postseason Week 1,false,true
6,2026,2026-03-23,2026-03-30,2,Postseason Week 2,false,true
6,2026,2026-03-30,2026-04-06,3,Postseason Week 3,false,true
6,2026,2026-04-06,2026-04-13,4,Postseason Week 4,false,true
2,2000,2001-01-10,2001-01-17,3,Conference Championship,false,true
2,2000,2001-01-03,2001-01-10,2,Divisional Round,false,true
2,2000,2001-01-24,2001-01-31,5,Pro Bowl,false,true
2,2000,2001-01-17,2001-01-24,4,Super Bowl,false,true
2,2000,2000-12-27,2001-01-03,1,Wild Card,false,true
2,2000,2000-07-26,2000-08-06,1,Hall of Fame Weekend,true,false
2,2000,2000-08-06,2000-08-16,2,Preseason Week 1,true,false
2,2000,2000-08-16,2000-08-23,3,Preseason Week 2,true,false
2,2000,2000-08-23,2000-08-30,4,Preseason Week 3,true,false
2,2000,2000-08-30,2000-09-06,1,Week 1,false,false
2,2000,2000-11-01,2000-11-08,10,Week 10,false,false
2,2000,2000-11-08,2000-11-15,11,Week 11,false,false
2,2000,2000-11-15,2000-11-22,12,Week 12,false,false
2,2000,2000-11-22,2000-11-29,13,Week 13,false,false
2,2000,2000-11-29,2000-12-06,14,Week 14,false,false
2,2000,2000-12-06,2000-12-13,15,Week 15,false,false
2,2000,2000-12-13,2000-12-20,16,Week 16,false,false
2,2000,2000-12-20,2000-12-27,17,Week 17,false,false
2,2000,2000-09-06,2000-09-13,2,Week 2,false,false
2,2000,2000-09-13,2000-09-20,3,Week 3,false,false
2,2000,2000-09-20,2000-09-27,4,Week 4,false,false
2,2000,2000-09-27,2000-10-04,5,Week 5,false,false
2,2000,2000-10-04,2000-10-11,6,Week 6,false,false
2,2000,2000-10-11,2000-10-18,7,Week 7,false,false
2,2000,2000-10-18,2000-10-25,8,Week 8,false,false
2,2000,2000-10-25,2000-11-01,9,Week 9,false,false
2,2001,2002-01-23,2002-01-30,3,Conference Championship,false,true
2,2001,2002-01-16,2002-01-23,2,Divisional Round,false,true
2,2001,2002-02-06,2002-02-13,5,Pro Bowl,false,true
2,2001,2002-01-30,2002-02-06,4,Super Bowl,false,true
2,2001,2002-01-09,2002-01-16,1,Wild Card,false,true
2,2001,2001-08-03,2001-08-08,1,Hall of Fame Weekend,true,false
2,2001,2001-08-08,2001-08-15,2,Preseason Week 1,true,false
2,2001,2001-08-15,2001-08-22,3,Preseason Week 2,true,false
2,2001,2001-08-22,2001-08-29,4,Preseason Week 3,true,false
2,2001,2001-08-29,2001-09-05,5,Preseason Week 4,true,false
2,2001,2001-09-05,2001-09-12,1,Week 1,false,false
2,2001,2001-11-14,2001-11-21,10,Week 10,false,false
2,2001,2001-11-21,2001-11-28,11,Week 11,false,false
2,2001,2001-11-28,2001-12-05,12,Week 12,false,false
2,2001,2001-12-05,2001-12-12,13,Week 13,false,false
2,2001,2001-12-12,2001-12-19,14,Week 14,false,false
2,2001,2001-12-19,2001-12-26,15,Week 15,false,false
2,2001,2001-12-26,2002-01-02,16,Week 16,false,false
2,2001,2002-01-02,2002-01-09,17,Week 17,false,false
2,2001,2001-09-19,2001-09-26,2,Week 2,false,false
2,2001,2001-09-26,2001-10-03,3,Week 3,false,false
2,2001,2001-10-03,2001-10-10,4,Week 4,false,false
2,2001,2001-10-10,2001-10-17,5,Week 5,false,false
2,2001,2001-10-17,2001-10-24,6,Week 6,false,false
2,2001,2001-10-24,2001-10-31,7,Week 7,false,false
2,2001,2001-10-31,2001-11-07,8,Week 8,false,false
2,2001,2001-11-07,2001-11-14,9,Week 9,false,false
2,2002,2003-01-15,2003-01-22,3,Conference Championship,false,true
2,2002,2003-01-08,2003-01-15,2,Divisional Round,false,true
2,2002,2003-01-29,2003-02-06,5,Pro Bowl,false,true
2,2002,2003-01-22,2003-01-29,4,Super Bowl,false,true
2,2002,2003-01-01,2003-01-08,1,Wild Card,false,true
2,2002,2002-07-31,2002-08-07,1,Hall of Fame Weekend,true,false
2,2002,2002-08-07,2002-08-14,2,Preseason Week 1,true,false
2,2002,2002-08-14,2002-08-21,3,Preseason Week 2,true,false
2,2002,2002-08-21,2002-08-28,4,Preseason Week 3,true,false
2,2002,2002-08-28,2002-09-04,5,Preseason Week 4,true,false
2,2002,2002-09-04,2002-09-11,1,Week 1,false,false
2,2002,2002-11-06,2002-11-13,10,Week 10,false,false
2,2002,2002-11-13,2002-11-20,11,Week 11,false,false
2,2002,2002-11-20,2002-11-27,12,Week 12,false,false
2,2002,2002-11-27,2002-12-04,13,Week 13,false,false
2,2002,2002-12-04,2002-12-11,14,Week 14,false,false
2,2002,2002-12-11,2002-12-18,15,Week 15,false,false
2,2002,2002-12-18,2002-12-25,16,Week 16,false,false
2,2002,2002-12-25,2003-01-01,17,Week 17,false,false
2,2002,2002-09-11,2002-09-18,2,Week 2,false,false
2,2002,2002-09-18,2002-09-25,3,Week 3,false,false
2,2002,2002-09-25,2002-10-02,4,Week 4,false,false
2,2002,2002-10-02,2002-10-09,5,Week 5,false,false
2,2002,2002-10-09,2002-10-16,6,Week 6,false,false
2,2002,2002-10-16,2002-10-23,7,Week 7,false,false
2,2002,2002-10-23,2002-10-30,8,Week 8,false,false
2,2002,2002-10-30,2002-11-06,9,Week 9,false,false
2,2003,2004-01-14,2004-01-21,3,Conference Championship,false,true
2,2003,2004-01-07,2004-01-14,2,Divisional Round,false,true
2,2003,2004-02-04,2004-02-10,5,Pro Bowl,false,true
2,2003,2004-01-21,2004-02-04,4,Super Bowl,false,true
2,2003,2003-12-31,2004-01-07,1,Wild Card,false,true
2,2003,2003-07-30,2003-08-06,1,Hall of Fame Weekend,true,false
2,2003,2003-08-06,2003-08-13,2,Preseason Week 1,true,false
2,2003,2003-08-13,2003-08-20,3,Preseason Week 2,true,false
2,2003,2003-08-20,2003-08-27,4,Preseason Week 3,true,false
2,2003,2003-08-27,2003-09-03,5,Preseason Week 4,true,false
2,2003,2003-09-03,2003-09-10,1,Week 1,false,false
2,2003,2003-11-05,2003-11-12,10,Week 10,false,false
2,2003,2003-11-12,2003-11-19,11,Week 11,false,false
2,2003,2003-11-19,2003-11-26,12,Week 12,false,false
2,2003,2003-11-26,2003-12-03,13,Week 13,false,false
2,2003,2003-12-03,2003-12-10,14,Week 14,false,false
2,2003,2003-12-10,2003-12-17,15,Week 15,false,false
2,2003,2003-12-17,2003-12-24,16,Week 16,false,false
2,2003,2003-12-24,2003-12-31,17,Week 17,false,false
2,2003,2003-09-10,2003-09-17,2,Week 2,false,false
2,2003,2003-09-17,2003-09-24,3,Week 3,false,false
2,2003,2003-09-24,2003-10-01,4,Week 4,false,false
2,2003,2003-10-01,2003-10-08,5,Week 5,false,false
2,2003,2003-10-08,2003-10-15,6,Week 6,false,false
2,2003,2003-10-15,2003-10-22,7,Week 7,false,false
2,2003,2003-10-22,2003-10-29,8,Week 8,false,false
2,2003,2003-10-29,2003-11-05,9,Week 9,false,false
2,2004,2005-01-19,2005-01-26,3,Conference Championship,false,true
2,2004,2005-01-12,2005-01-19,2,Divisional Round,false,true
2,2004,2005-02-09,2005-02-16,5,Pro Bowl,false,true
2,2004,2005-01-26,2005-02-09,4,Super Bowl,false,true
2,2004,2005-01-05,2005-01-12,1,Wild Card,false,true
2,2004,2004-08-04,2004-08-11,1,Hall of Fame Weekend,true,false
2,2004,2004-08-11,2004-08-18,2,Preseason Week 1,true,false
2,2004,2004-08-18,2004-08-25,3,Preseason Week 2,true,false
2,2004,2004-08-25,2004-09-01,4,Preseason Week 3,true,false
2,2004,2004-09-01,2004-09-08,5,Preseason Week 4,true,false
2,2004,2004-09-08,2004-09-15,1,Week 1,false,false
2,2004,2004-11-10,2004-11-17,10,Week 10,false,false
2,2004,2004-11-17,2004-11-24,11,Week 11,false,false
2,2004,2004-11-24,2004-12-01,12,Week 12,false,false
2,2004,2004-12-01,2004-12-08,13,Week 13,false,false
2,2004,2004-12-08,2004-12-15,14,Week 14,false,false
2,2004,2004-12-15,2004-12-22,15,Week 15,false,false
2,2004,2004-12-22,2004-12-29,16,Week 16,false,false
2,2004,2004-12-29,2005-01-05,17,Week 17,false,false
2,2004,2004-09-15,2004-09-22,2,Week 2,false,false
2,2004,2004-09-22,2004-09-29,3,Week 3,false,false
2,2004,2004-09-29,2004-10-06,4,Week 4,false,false
2,2004,2004-10-06,2004-10-13,5,Week 5,false,false
2,2004,2004-10-13,2004-10-20,6,Week 6,false,false
2,2004,2004-10-20,2004-10-27,7,Week 7,false,false
2,2004,2004-10-27,2004-11-03,8,Week 8,false,false
2,2004,2004-11-03,2004-11-10,9,Week 9,false,false
2,2005,2006-01-18,2006-01-25,3,Conference Championship,false,true
2,2005,2006-01-11,2006-01-18,2,Divisional Round,false,true
2,2005,2006-02-08,2006-02-15,5,Pro Bowl,false,true
2,2005,2006-01-25,2006-02-07,4,Super Bowl,false,true
2,2005,2006-01-03,2006-01-11,1,Wild Card,false,true
2,2005,2005-08-03,2005-08-10,1,Hall of Fame Weekend,true,false
2,2005,2005-08-10,2005-08-17,2,Preseason Week 1,true,false
2,2005,2005-08-17,2005-08-24,3,Preseason Week 2,true,false
2,2005,2005-08-24,2005-08-31,4,Preseason Week 3,true,false
2,2005,2005-08-31,2005-09-07,5,Preseason Week 4,true,false
2,2005,2005-09-07,2005-09-14,1,Week 1,false,false
2,2005,2005-11-09,2005-11-16,10,Week 10,false,false
2,2005,2005-11-16,2005-11-23,11,Week 11,false,false
2,2005,2005-11-23,2005-11-30,12,Week 12,false,false
2,2005,2005-11-30,2005-12-07,13,Week 13,false,false
2,2005,2005-12-07,2005-12-14,14,Week 14,false,false
2,2005,2005-12-14,2005-12-21,15,Week 15,false,false
2,2005,2005-12-21,2005-12-28,16,Week 16,false,false
2,2005,2005-12-28,2006-01-03,17,Week 17,false,false
2,2005,2005-09-14,2005-09-21,2,Week 2,false,false
2,2005,2005-09-21,2005-09-28,3,Week 3,false,false
2,2005,2005-09-28,2005-10-05,4,Week 4,false,false
2,2005,2005-10-05,2005-10-12,5,Week 5,false,false
2,2005,2005-10-12,2005-10-19,6,Week 6,false,false
2,2005,2005-10-19,2005-10-26,7,Week 7,false,false
2,2005,2005-10-26,2005-11-02,8,Week 8,false,false
2,2005,2005-11-02,2005-11-09,9,Week 9,false,false
2,2006,2007-01-17,2007-01-24,3,Conference Championship,false,true
2,2006,2007-01-10,2007-01-17,2,Divisional Round,false,true
2,2006,2007-02-07,2007-02-14,5,Pro Bowl,false,true
2,2006,2007-01-24,2007-02-07,4,Super Bowl,false,true
2,2006,2007-01-03,2007-01-10,1,Wild Card,false,true
2,2006,2006-08-02,2006-08-09,1,Hall of Fame Weekend,true,false
2,2006,2006-08-09,2006-08-16,2,Preseason Week 1,true,false
2,2006,2006-08-16,2006-08-23,3,Preseason Week 2,true,false
2,2006,2006-08-23,2006-08-30,4,Preseason Week 3,true,false
2,2006,2006-08-30,2006-09-06,5,Preseason Week 4,true,false
2,2006,2006-09-06,2006-09-13,1,Week 1,false,false
2,2006,2006-11-08,2006-11-15,10,Week 10,false,false
2,2006,2006-11-15,2006-11-22,11,Week 11,false,false
2,2006,2006-11-22,2006-11-29,12,Week 12,false,false
2,2006,2006-11-29,2006-12-06,13,Week 13,false,false
2,2006,2006-12-06,2006-12-13,14,Week 14,false,false
2,2006,2006-12-13,2006-12-20,15,Week 15,false,false
2,2006,2006-12-20,2006-12-27,16,Week 16,false,false
2,2006,2006-12-27,2007-01-03,17,Week 17,false,false
2,2006,2006-09-13,2006-09-20,2,Week 2,false,false
2,2006,2006-09-20,2006-09-27,3,Week 3,false,false
2,2006,2006-09-27,2006-10-04,4,Week 4,false,false
2,2006,2006-10-04,2006-10-11,5,Week 5,false,false
2,2006,2006-10-11,2006-10-18,6,Week 6,false,false
2,2006,2006-10-18,2006-10-25,7,Week 7,false,false
2,2006,2006-10-25,2006-11-01,8,Week 8,false,false
2,2006,2006-11-01,2006-11-08,9,Week 9,false,false
2,2007,2008-01-16,2008-01-23,3,Conference Championship,false,true
2,2007,2008-01-09,2008-01-16,2,Divisional Round,false,true
2,2007,2008-02-06,2008-02-13,5,Pro Bowl,false,true
2,2007,2008-01-23,2008-02-06,4,Super Bowl,false,true
2,2007,2008-01-02,2008-01-09,1,Wild Card,false,true
2,2007,2007-08-01,2007-08-08,1,Hall of Fame Weekend,true,false
2,2007,2007-08-08,2007-08-15,2,Preseason Week 1,true,false
2,2007,2007-08-15,2007-08-22,3,Preseason Week 2,true,false
2,2007,2007-08-22,2007-08-29,4,Preseason Week 3,true,false
2,2007,2007-08-29,2007-09-05,5,Preseason Week 4,true,false
2,2007,2007-09-05,2007-09-12,1,Week 1,false,false
2,2007,2007-11-07,2007-11-14,10,Week 10,false,false
2,2007,2007-11-14,2007-11-21,11,Week 11,false,false
2,2007,2007-11-21,2007-11-28,12,Week 12,false,false
2,2007,2007-11-28,2007-12-05,13,Week 13,false,false
2,2007,2007-12-05,2007-12-12,14,Week 14,false,false
2,2007,2007-12-12,2007-12-19,15,Week 15,false,false
2,2007,2007-12-19,2007-12-26,16,Week 16,false,false
2,2007,2007-12-26,2008-01-02,17,Week 17,false,false
2,2007,2007-09-12,2007-09-19,2,Week 2,false,false
2,2007,2007-09-19,2007-09-26,3,Week 3,false,false
2,2007,2007-09-26,2007-10-03,4,Week 4,false,false
2,2007,2007-10-03,2007-10-10,5,Week 5,false,false
2,2007,2007-10-10,2007-10-17,6,Week 6,false,false
2,2007,2007-10-17,2007-10-24,7,Week 7,false,false
2,2007,2007-10-24,2007-10-31,8,Week 8,false,false
2,2007,2007-10-31,2007-11-07,9,Week 9,false,false
2,2008,2009-01-14,2009-01-21,3,Conference Championship,false,true
2,2008,2009-01-07,2009-01-14,2,Divisional Round,false,true
2,2008,2009-02-04,2009-02-11,5,Pro Bowl,false,true
2,2008,2009-01-21,2009-02-04,4,Super Bowl,false,true
2,2008,2008-12-31,2009-01-07,1,Wild Card,false,true
2,2008,2008-07-30,2008-08-06,1,Hall of Fame Weekend,true,false
2,2008,2008-08-06,2008-08-13,2,Preseason Week 1,true,false
2,2008,2008-08-13,2008-08-20,3,Preseason Week 2,true,false
2,2008,2008-08-20,2008-08-27,4,Preseason Week 3,true,false
2,2008,2008-08-27,2008-09-03,5,Preseason Week 4,true,false
2,2008,2008-09-03,2008-09-10,1,Week 1,false,false
2,2008,2008-11-05,2008-11-12,10,Week 10,false,false
2,2008,2008-11-12,2008-11-19,11,Week 11,false,false
2,2008,2008-11-19,2008-11-26,12,Week 12,false,false
2,2008,2008-11-26,2008-12-03,13,Week 13,false,false
2,2008,2008-12-03,2008-12-10,14,Week 14,false,false
2,2008,2008-12-10,2008-12-17,15,Week 15,false,false
2,2008,2008-12-17,2008-12-24,16,Week 16,false,false
2,2008,2008-12-24,2008-12-31,17,Week 17,false,false
2,2008,2008-09-10,2008-09-17,2,Week 2,false,false
2,2008,2008-09-17,2008-09-24,3,Week 3,false,false
2,2008,2008-09-24,2008-10-01,4,Week 4,false,false
2,2008,2008-10-01,2008-10-08,5,Week 5,false,false
2,2008,2008-10-08,2008-10-15,6,Week 6,false,false
2,2008,2008-10-15,2008-10-22,7,Week 7,false,false
2,2008,2008-10-22,2008-10-29,8,Week 8,false,false
2,2008,2008-10-29,2008-11-05,9,Week 9,false,false
2,2009,2010-01-20,2010-01-27,3,Conference Championship,false,true
2,2009,2010-01-13,2010-01-20,2,Divisional Round,false,true
2,2009,2010-01-27,2010-02-03,4,Pro Bowl,false,true
2,2009,2010-02-03,2010-02-10,5,Super Bowl,false,true
2,2009,2010-01-06,2010-01-13,1,Wild Card,false,true
2,2009,2009-08-04,2009-08-12,1,Hall of Fame Weekend,true,false
2,2009,2009-08-12,2009-08-19,2,Preseason Week 1,true,false
2,2009,2009-08-19,2009-08-26,3,Preseason Week 2,true,false
2,2009,2009-08-26,2009-09-02,4,Preseason Week 3,true,false
2,2009,2009-09-02,2009-09-08,5,Preseason Week 4,true,false
2,2009,2009-09-08,2009-09-16,1,Week 1,false,false
2,2009,2009-11-11,2009-11-18,10,Week 10,false,false
2,2009,2009-11-18,2009-11-25,11,Week 11,false,false
2,2009,2009-11-25,2009-12-02,12,Week 12,false,false
2,2009,2009-12-02,2009-12-09,13,Week 13,false,false
2,2009,2009-12-09,2009-12-16,14,Week 14,false,false
2,2009,2009-12-16,2009-12-23,15,Week 15,false,false
2,2009,2009-12-23,2009-12-30,16,Week 16,false,false
2,2009,2009-12-30,2010-01-06,17,Week 17,false,false
2,2009,2009-09-16,2009-09-23,2,Week 2,false,false
2,2009,2009-09-23,2009-09-30,3,Week 3,false,false
2,2009,2009-09-30,2009-10-07,4,Week 4,false,false
2,2009,2009-10-07,2009-10-14,5,Week 5,false,false
2,2009,2009-10-14,2009-10-21,6,Week 6,false,false
2,2009,2009-10-21,2009-10-28,7,Week 7,false,false
2,2009,2009-10-28,2009-11-04,8,Week 8,false,false
2,2009,2009-11-04,2009-11-11,9,Week 9,false,false
2,2010,2011-01-19,2011-01-26,3,Conference Championship,false,true
2,2010,2011-01-12,2011-01-19,2,Divisional Round,false,true
2,2010,2011-01-26,2011-02-02,4,Pro Bowl,false,true
2,2010,2011-02-02,2011-02-09,5,Super Bowl,false,true
2,2010,2011-01-05,2011-01-12,1,Wild Card,false,true
2,2010,2010-08-04,2010-08-11,1,Hall of Fame Weekend,true,false
2,2010,2010-08-11,2010-08-18,2,Preseason Week 1,true,false
2,2010,2010-08-18,2010-08-25,3,Preseason Week 2,true,false
2,2010,2010-08-25,2010-09-01,4,Preseason Week 3,true,false
2,2010,2010-09-01,2010-09-08,5,Preseason Week 4,true,false
2,2010,2010-09-08,2010-09-15,1,Week 1,false,false
2,2010,2010-11-10,2010-11-17,10,Week 10,false,false
2,2010,2010-11-17,2010-11-24,11,Week 11,false,false
2,2010,2010-11-24,2010-12-01,12,Week 12,false,false
2,2010,2010-12-01,2010-12-08,13,Week 13,false,false
2,2010,2010-12-08,2010-12-15,14,Week 14,false,false
2,2010,2010-12-15,2010-12-22,15,Week 15,false,false
2,2010,2010-12-22,2010-12-29,16,Week 16,false,false
2,2010,2010-12-29,2011-01-05,17,Week 17,false,false
2,2010,2010-09-15,2010-09-22,2,Week 2,false,false
2,2010,2010-09-22,2010-09-29,3,Week 3,false,false
2,2010,2010-09-29,2010-10-06,4,Week 4,false,false
2,2010,2010-10-06,2010-10-13,5,Week 5,false,false
2,2010,2010-10-13,2010-10-20,6,Week 6,false,false
2,2010,2010-10-20,2010-10-27,7,Week 7,false,false
2,2010,2010-10-27,2010-11-03,8,Week 8,false,false
2,2010,2010-11-03,2010-11-10,9,Week 9,false,false
2,2011,2012-01-18,2012-01-25,3,Conference Championship,false,true
2,2011,2012-01-11,2012-01-18,2,Divisional Round,false,true
2,2011,2012-01-25,2012-02-01,4,Pro Bowl,false,true
2,2011,2012-02-01,2012-02-08,5,Super Bowl,false,true
2,2011,2012-01-04,2012-01-11,1,Wild Card,false,true
2,2011,2011-08-03,2011-08-10,1,Hall of Fame Weekend,true,false
2,2011,2011-08-10,2011-08-17,2,Preseason Week 1,true,false
2,2011,2011-08-17,2011-08-24,3,Preseason Week 2,true,false
2,2011,2011-08-24,2011-08-31,4,Preseason Week 3,true,false
2,2011,2011-08-31,2011-09-07,5,Preseason Week 4,true,false
2,2011,2011-09-07,2011-09-14,1,Week 1,false,false
2,2011,2011-11-09,2011-11-16,10,Week 10,false,false
2,2011,2011-11-16,2011-11-23,11,Week 11,false,false
2,2011,2011-11-23,2011-11-30,12,Week 12,false,false
2,2011,2011-11-30,2011-12-07,13,Week 13,false,false
2,2011,2011-12-07,2011-12-14,14,Week 14,false,false
2,2011,2011-12-14,2011-12-21,15,Week 15,false,false
2,2011,2011-12-21,2011-12-28,16,Week 16,false,false
2,2011,2011-12-28,2012-01-04,17,Week 17,false,false
2,2011,2011-09-14,2011-09-21,2,Week 2,false,false
2,2011,2011-09-21,2011-09-28,3,Week 3,false,false
2,2011,2011-09-28,2011-10-05,4,Week 4,false,false
2,2011,2011-10-05,2011-10-12,5,Week 5,false,false
2,2011,2011-10-12,2011-10-19,6,Week 6,false,false
2,2011,2011-10-19,2011-10-26,7,Week 7,false,false
2,2011,2011-10-26,2011-11-02,8,Week 8,false,false
2,2011,2011-11-02,2011-11-09,9,Week 9,false,false
2,2012,2013-01-16,2013-01-23,3,Conference Championship,false,true
2,2012,2013-01-09,2013-01-16,2,Divisional Round,false,true
2,2012,2013-01-23,2013-01-30,4,Pro Bowl,false,true
2,2012,2013-01-30,2013-02-06,5,Super Bowl,false,true
2,2012,2013-01-02,2013-01-09,1,Wild Card,false,true
2,2012,2012-08-01,2012-08-08,1,Hall of Fame Weekend,true,false
2,2012,2012-08-08,2012-08-15,2,Preseason Week 1,true,false
2,2012,2012-08-15,2012-08-22,3,Preseason Week 2,true,false
2,2012,2012-08-22,2012-08-29,4,Preseason Week 3,true,false
2,2012,2012-08-29,2012-09-05,5,Preseason Week 4,true,false
2,2012,2012-09-05,2012-09-12,1,Week 1,false,false
2,2012,2012-11-07,2012-11-14,10,Week 10,false,false
2,2012,2012-11-14,2012-11-21,11,Week 11,false,false
2,2012,2012-11-21,2012-11-28,12,Week 12,false,false
2,2012,2012-11-28,2012-12-05,13,Week 13,false,false
2,2012,2012-12-05,2012-12-12,14,Week 14,false,false
2,2012,2012-12-12,2012-12-19,15,Week 15,false,false
2,2012,2012-12-19,2012-12-26,16,Week 16,false,false
2,2012,2012-12-26,2013-01-02,17,Week 17,false,false
2,2012,2012-09-12,2012-09-19,2,Week 2,false,false
2,2012,2012-09-19,2012-09-26,3,Week 3,false,false
2,2012,2012-09-26,2012-10-03,4,Week 4,false,false
2,2012,2012-10-03,2012-10-10,5,Week 5,false,false
2,2012,2012-10-10,2012-10-17,6,Week 6,false,false
2,2012,2012-10-17,2012-10-24,7,Week 7,false,false
2,2012,2012-10-24,2012-10-31,8,Week 8,false,false
2,2012,2012-10-31,2012-11-07,9,Week 9,false,false
2,2013,2014-01-15,2014-01-22,3,Conference Championship,false,true
2,2013,2014-01-08,2014-01-15,2,Divisional Round,false,true
2,2013,2014-01-22,2014-01-27,4,Pro Bowl,false,true
2,2013,2014-01-27,2014-02-05,5,Super Bowl,false,true
2,2013,2014-01-01,2014-01-08,1,Wild Card,false,true
2,2013,2013-07-31,2013-08-07,1,Hall of Fame Weekend,true,false
2,2013,2013-08-07,2013-08-14,2,Preseason Week 1,true,false
2,2013,2013-08-14,2013-08-21,3,Preseason Week 2,true,false
2,2013,2013-08-21,2013-08-28,4,Preseason Week 3,true,false
2,2013,2013-08-28,2013-09-04,5,Preseason Week 4,true,false
2,2013,2013-09-04,2013-09-11,1,Week 1,false,false
2,2013,2013-11-06,2013-11-13,10,Week 10,false,false
2,2013,2013-11-13,2013-11-20,11,Week 11,false,false
2,2013,2013-11-20,2013-11-27,12,Week 12,false,false
2,2013,2013-11-27,2013-12-04,13,Week 13,false,false
2,2013,2013-12-04,2013-12-11,14,Week 14,false,false
2,2013,2013-12-11,2013-12-18,15,Week 15,false,false
2,2013,2013-12-18,2013-12-25,16,Week 16,false,false
2,2013,2013-12-25,2014-01-01,17,Week 17,false,false
2,2013,2013-09-11,2013-09-18,2,Week 2,false,false
2,2013,2013-09-18,2013-09-25,3,Week 3,false,false
2,2013,2013-09-25,2013-10-02,4,Week 4,false,false
2,2013,2013-10-02,2013-10-09,5,Week 5,false,false
2,2013,2013-10-09,2013-10-16,6,Week 6,false,false
2,2013,2013-10-16,2013-10-23,7,Week 7,false,false
2,2013,2013-10-23,2013-10-30,8,Week 8,false,false
2,2013,2013-10-30,2013-11-06,9,Week 9,false,false
2,2014,2015-01-14,2015-01-21,3,Conference Championship,false,true
2,2014,2015-01-07,2015-01-14,2,Divisional Round,false,true
2,2014,2015-01-21,2015-01-28,4,Pro Bowl,false,true
2,2014,2015-01-28,2015-02-04,5,Super Bowl,false,true
2,2014,2014-12-31,2015-01-07,1,Wild Card,false,true
2,2014,2014-07-30,2014-08-06,1,Hall of Fame Weekend,true,false
2,2014,2014-08-06,2014-08-13,2,Preseason Week 1,true,false
2,2014,2014-08-13,2014-08-20,3,Preseason Week 2,true,false
2,2014,2014-08-20,2014-08-27,4,Preseason Week 3,true,false
2,2014,2014-08-27,2014-09-03,5,Preseason Week 4,true,false
2,2014,2014-09-03,2014-09-10,1,Week 1,false,false
2,2014,2014-11-05,2014-11-12,10,Week 10,false,false
2,2014,2014-11-12,2014-11-19,11,Week 11,false,false
2,2014,2014-11-19,2014-11-26,12,Week 12,false,false
2,2014,2014-11-26,2014-12-03,13,Week 13,false,false
2,2014,2014-12-03,2014-12-10,14,Week 14,false,false
2,2014,2014-12-10,2014-12-17,15,Week 15,false,false
2,2014,2014-12-17,2014-12-24,16,Week 16,false,false
2,2014,2014-12-24,2014-12-31,17,Week 17,false,false
2,2014,2014-09-10,2014-09-17,2,Week 2,false,false
2,2014,2014-09-17,2014-09-24,3,Week 3,false,false
2,2014,2014-09-24,2014-10-01,4,Week 4,false,false
2,2014,2014-10-01,2014-10-08,5,Week 5,false,false
2,2014,2014-10-08,2014-10-15,6,Week 6,false,false
2,2014,2014-10-15,2014-10-22,7,Week 7,false,false
2,2014,2014-10-22,2014-10-29,8,Week 8,false,false
2,2014,2014-10-29,2014-11-05,9,Week 9,false,false
2,2015,2016-01-20,2016-01-27,3,Conference Championship,false,true
2,2015,2016-01-13,2016-01-20,2,Divisional Round,false,true
2,2015,2016-01-27,2016-02-03,4,Pro Bowl,false,true
2,2015,2016-02-03,2016-02-10,5,Super Bowl,false,true
2,2015,2016-01-06,2016-01-13,1,Wild Card,false,true
2,2015,2015-08-05,2015-08-12,1,Hall of Fame Weekend,true,false
2,2015,2015-08-12,2015-08-19,2,Preseason Week 1,true,false
2,2015,2015-08-19,2015-08-26,3,Preseason Week 2,true,false
2,2015,2015-08-26,2015-09-02,4,Preseason Week 3,true,false
2,2015,2015-09-02,2015-09-09,5,Preseason Week 4,true,false
2,2015,2015-09-09,2015-09-16,1,Week 1,false,false
2,2015,2015-11-11,2015-11-18,10,Week 10,false,false
2,2015,2015-11-18,2015-11-25,11,Week 11,false,false
2,2015,2015-11-25,2015-12-02,12,Week 12,false,false
2,2015,2015-12-02,2015-12-09,13,Week 13,false,false
2,2015,2015-12-09,2015-12-16,14,Week 14,false,false
2,2015,2015-12-16,2015-12-23,15,Week 15,false,false
2,2015,2015-12-23,2015-12-30,16,Week 16,false,false
2,2015,2015-12-30,2016-01-06,17,Week 17,false,false
2,2015,2015-09-16,2015-09-23,2,Week 2,false,false
2,2015,2015-09-23,2015-09-30,3,Week 3,false,false
2,2015,2015-09-30,2015-10-07,4,Week 4,false,false
2,2015,2015-10-07,2015-10-14,5,Week 5,false,false
2,2015,2015-10-14,2015-10-21,6,Week 6,false,false
2,2015,2015-10-21,2015-10-28,7,Week 7,false,false
2,2015,2015-10-28,2015-11-04,8,Week 8,false,false
2,2015,2015-11-04,2015-11-11,9,Week 9,false,false
2,2016,2017-01-18,2017-01-25,3,Conference Championship,false,true
2,2016,2017-01-11,2017-01-18,2,Divisional Round,false,true
2,2016,2017-01-25,2017-02-01,4,Pro Bowl,false,true
2,2016,2017-02-01,2017-02-08,5,Super Bowl,false,true
2,2016,2017-01-04,2017-01-11,1,Wild Card,false,true
2,2016,2016-08-03,2016-08-10,1,Hall of Fame Weekend,true,false
2,2016,2016-08-10,2016-08-17,2,Preseason Week 1,true,false
2,2016,2016-08-17,2016-08-24,3,Preseason Week 2,true,false
2,2016,2016-08-24,2016-08-31,4,Preseason Week 3,true,false
2,2016,2016-08-31,2016-09-06,5,Preseason Week 4,true,false
2,2016,2016-09-06,2016-09-14,1,Week 1,false,false
2,2016,2016-11-09,2016-11-16,10,Week 10,false,false
2,2016,2016-11-16,2016-11-23,11,Week 11,false,false
2,2016,2016-11-23,2016-11-30,12,Week 12,false,false
2,2016,2016-11-30,2016-12-07,13,Week 13,false,false
2,2016,2016-12-07,2016-12-14,14,Week 14,false,false
2,2016,2016-12-14,2016-12-21,15,Week 15,false,false
2,2016,2016-12-21,2016-12-28,16,Week 16,false,false
2,2016,2016-12-28,2017-01-04,17,Week 17,false,false
2,2016,2016-09-14,2016-09-21,2,Week 2,false,false
2,2016,2016-09-21,2016-09-28,3,Week 3,false,false
2,2016,2016-09-28,2016-10-05,4,Week 4,false,false
2,2016,2016-10-05,2016-10-12,5,Week 5,false,false
2,2016,2016-10-12,2016-10-19,6,Week 6,false,false
2,2016,2016-10-19,2016-10-26,7,Week 7,false,false
2,2016,2016-10-26,2016-11-02,8,Week 8,false,false
2,2016,2016-11-02,2016-11-09,9,Week 9,false,false
2,2017,2018-01-17,2018-01-24,3,Conference Championship,false,true
2,2017,2018-01-10,2018-01-17,2,Divisional Round,false,true
2,2017,2018-01-24,2018-01-31,4,Pro Bowl,false,true
2,2017,2018-01-31,2018-02-07,5,Super Bowl,false,true
2,2017,2018-01-03,2018-01-10,1,Wild Card,false,true
2,2017,2017-08-02,2017-08-09,1,Hall of Fame Weekend,true,false
2,2017,2017-08-09,2017-08-16,2,Preseason Week 1,true,false
2,2017,2017-08-16,2017-08-23,3,Preseason Week 2,true,false
2,2017,2017-08-23,2017-08-30,4,Preseason Week 3,true,false
2,2017,2017-08-30,2017-09-06,5,Preseason Week 4,true,false
2,2017,2017-09-06,2017-09-13,1,Week 1,false,false
2,2017,2017-11-08,2017-11-15,10,Week 10,false,false
2,2017,2017-11-15,2017-11-22,11,Week 11,false,false
2,2017,2017-11-22,2017-11-29,12,Week 12,false,false
2,2017,2017-11-29,2017-12-06,13,Week 13,false,false
2,2017,2017-12-06,2017-12-13,14,Week 14,false,false
2,2017,2017-12-13,2017-12-20,15,Week 15,false,false
2,2017,2017-12-20,2017-12-27,16,Week 16,false,false
2,2017,2017-12-27,2018-01-03,17,Week 17,false,false
2,2017,2017-09-13,2017-09-20,2,Week 2,false,false
2,2017,2017-09-20,2017-09-27,3,Week 3,false,false
2,2017,2017-09-27,2017-10-04,4,Week 4,false,false
2,2017,2017-10-04,2017-10-11,5,Week 5,false,false
2,2017,2017-10-11,2017-10-18,6,Week 6,false,false
2,2017,2017-10-18,2017-10-25,7,Week 7,false,false
2,2017,2017-10-25,2017-11-01,8,Week 8,false,false
2,2017,2017-11-01,2017-11-08,9,Week 9,false,false
2,2018,2019-01-16,2019-01-23,3,Conference Championship,false,true
2,2018,2019-01-09,2019-01-16,2,Divisional Round,false,true
2,2018,2019-01-23,2019-01-30,4,Pro Bowl,false,true
2,2018,2019-01-30,2019-02-06,5,Super Bowl,false,true
2,2018,2019-01-02,2019-01-09,1,Wild Card,false,true
2,2018,2018-08-02,2018-08-08,1,Hall of Fame Weekend,true,false
2,2018,2018-08-08,2018-08-15,2,Preseason Week 1,true,false
2,2018,2018-08-15,2018-08-22,3,Preseason Week 2,true,false
2,2018,2018-08-22,2018-08-29,4,Preseason Week 3,true,false
2,2018,2018-08-29,2018-09-05,5,Preseason Week 4,true,false
2,2018,2018-09-05,2018-09-12,1,Week 1,false,false
2,2018,2018-11-07,2018-11-14,10,Week 10,false,false
2,2018,2018-11-14,2018-11-21,11,Week 11,false,false
2,2018,2018-11-21,2018-11-28,12,Week 12,false,false
2,2018,2018-11-28,2018-12-05,13,Week 13,false,false
2,2018,2018-12-05,2018-12-12,14,Week 14,false,false
2,2018,2018-12-12,2018-12-19,15,Week 15,false,false
2,2018,2018-12-19,2018-12-26,16,Week 16,false,false
2,2018,2018-12-26,2019-01-02,17,Week 17,false,false
2,2018,2018-09-12,2018-09-19,2,Week 2,false,false
2,2018,2018-09-19,2018-09-26,3,Week 3,false,false
2,2018,2018-09-26,2018-10-03,4,Week 4,false,false
2,2018,2018-10-03,2018-10-10,5,Week 5,false,false
2,2018,2018-10-10,2018-10-17,6,Week 6,false,false
2,2018,2018-10-17,2018-10-24,7,Week 7,false,false
2,2018,2018-10-24,2018-10-31,8,Week 8,false,false
2,2018,2018-10-31,2018-11-07,9,Week 9,false,false
2,2019,2020-01-15,2020-01-22,3,Conference Championship,false,true
2,2019,2020-01-08,2020-01-15,2,Divisional Round,false,true
2,2019,2020-01-22,2020-01-29,4,Pro Bowl,false,true
2,2019,2020-01-29,2020-02-05,5,Super Bowl,false,true
2,2019,2020-01-01,2020-01-08,1,Wild Card,false,true
2,2019,2019-07-30,2019-08-07,1,Hall of Fame Weekend,true,false
2,2019,2019-08-07,2019-08-14,2,Preseason Week 1,true,false
2,2019,2019-08-14,2019-08-21,3,Preseason Week 2,true,false
2,2019,2019-08-21,2019-08-28,4,Preseason Week 3,true,false
2,2019,2019-08-28,2019-09-04,5,Preseason Week 4,true,false
2,2019,2019-09-04,2019-09-11,1,Week 1,false,false
2,2019,2019-11-06,2019-11-13,10,Week 10,false,false
2,2019,2019-11-13,2019-11-20,11,Week 11,false,false
2,2019,2019-11-20,2019-11-27,12,Week 12,false,false
2,2019,2019-11-27,2019-12-04,13,Week 13,false,false
2,2019,2019-12-04,2019-12-11,14,Week 14,false,false
2,2019,2019-12-11,2019-12-18,15,Week 15,false,false
2,2019,2019-12-18,2019-12-25,16,Week 16,false,false
2,2019,2019-12-25,2020-01-01,17,Week 17,false,false
2,2019,2019-09-11,2019-09-18,2,Week 2,false,false
2,2019,2019-09-18,2019-09-25,3,Week 3,false,false
2,2019,2019-09-25,2019-10-02,4,Week 4,false,false
2,2019,2019-10-02,2019-10-09,5,Week 5,false,false
2,2019,2019-10-09,2019-10-16,6,Week 6,false,false
2,2019,2019-10-16,2019-10-23,7,Week 7,false,false
2,2019,2019-10-23,2019-10-30,8,Week 8,false,false
2,2019,2019-10-30,2019-11-06,9,Week 9,false,false
2,2020,2021-01-20,2021-01-27,3,Conference Championship,false,true
2,2020,2021-01-13,2021-01-20,2,Divisional Round,false,true
2,2020,2021-01-27,2021-02-03,4,Pro Bowl,false,true
2,2020,2021-02-03,2021-02-10,5,Super Bowl,false,true
2,2020,2021-01-06,2021-01-13,1,Wild Card,false,true
2,2020,2020-08-05,2020-08-12,1,Hall of Fame Weekend,true,false
2,2020,2020-08-12,2020-08-19,2,Preseason Week 1,true,false
2,2020,2020-08-19,2020-08-26,3,Preseason Week 2,true,false
2,2020,2020-08-26,2020-09-02,4,Preseason Week 3,true,false
2,2020,2020-09-02,2020-09-09,5,Preseason Week 4,true,false
2,2020,2020-09-09,2020-09-16,1,Week 1,false,false
2,2020,2020-11-11,2020-11-18,10,Week 10,false,false
2,2020,2020-11-18,2020-11-25,11,Week 11,false,false
2,2020,2020-11-25,2020-12-03,12,Week 12,false,false
2,2020,2020-12-03,2020-12-09,13,Week 13,false,false
2,2020,2020-12-09,2020-12-16,14,Week 14,false,false
2,2020,2020-12-16,2020-12-23,15,Week 15,false,false
2,2020,2020-12-23,2020-12-30,16,Week 16,false,false
2,2020,2020-12-30,2021-01-06,17,Week 17,false,false
2,2020,2020-09-16,2020-09-23,2,Week 2,false,false
2,2020,2020-09-23,2020-09-30,3,Week 3,false,false
2,2020,2020-09-30,2020-10-07,4,Week 4,false,false
2,2020,2020-10-07,2020-10-14,5,Week 5,false,false
2,2020,2020-10-14,2020-10-21,6,Week 6,false,false
2,2020,2020-10-21,2020-10-28,7,Week 7,false,false
2,2020,2020-10-28,2020-11-04,8,Week 8,false,false
2,2020,2020-11-04,2020-11-11,9,Week 9,false,false
2,2021,2022-01-26,2022-02-02,3,Conference Championship,false,true
2,2021,2022-01-19,2022-01-26,2,Divisional Round,false,true
2,2021,2022-02-02,2022-02-09,4,Pro Bowl,false,true
2,2021,2022-02-09,2022-02-16,5,Super Bowl,false,true
2,2021,2022-01-12,2022-01-19,1,Wild Card,false,true
2,2021,2021-07-17,2021-08-11,1,Hall of Fame Weekend,true,false
2,2021,2021-08-11,2021-08-18,2,Preseason Week 1,true,false
2,2021,2021-08-18,2021-08-25,3,Preseason Week 2,true,false
2,2021,2021-08-25,2021-09-01,4,Preseason Week 3,true,false
2,2021,2021-09-09,2021-09-15,1,Week 1,false,false
2,2021,2021-11-10,2021-11-17,10,Week 10,false,false
2,2021,2021-11-17,2021-11-24,11,Week 11,false,false
2,2021,2021-11-24,2021-12-01,12,Week 12,false,false
2,2021,2021-12-01,2021-12-08,13,Week 13,false,false
2,2021,2021-12-08,2021-12-15,14,Week 14,false,false
2,2021,2021-12-15,2021-12-22,15,Week 15,false,false
2,2021,2021-12-22,2021-12-29,16,Week 16,false,false
2,2021,2021-12-29,2022-01-05,17,Week 17,false,false
2,2021,2022-01-05,2022-01-12,18,Week 18,false,false
2,2021,2021-09-15,2021-09-22,2,Week 2,false,false
2,2021,2021-09-22,2021-09-29,3,Week 3,false,false
2,2021,2021-09-29,2021-10-06,4,Week 4,false,false
2,2021,2021-10-06,2021-10-13,5,Week 5,false,false
2,2021,2021-10-13,2021-10-20,6,Week 6,false,false
2,2021,2021-10-20,2021-10-27,7,Week 7,false,false
2,2021,2021-10-27,2021-11-03,8,Week 8,false,false
2,2021,2021-11-03,2021-11-10,9,Week 9,false,false
2,2022,2023-01-25,2023-02-01,3,Conference Championship,false,true
2,2022,2023-01-18,2023-01-25,2,Divisional Round,false,true
2,2022,2023-02-01,2023-02-08,4,Pro Bowl,false,true
2,2022,2023-02-08,2023-02-15,5,Super Bowl,false,true
2,2022,2023-01-12,2023-01-18,1,Wild Card,false,true
2,2022,2022-08-01,2022-08-10,1,Hall of Fame Weekend,true,false
2,2022,2022-08-10,2022-08-17,2,Preseason Week 1,true,false
2,2022,2022-08-17,2022-08-24,3,Preseason Week 2,true,false
2,2022,2022-08-24,2022-09-08,4,Preseason Week 3,true,false
2,2022,2022-09-08,2022-09-14,1,Week 1,false,false
2,2022,2022-11-09,2022-11-16,10,Week 10,false,false
2,2022,2022-11-16,2022-11-23,11,Week 11,false,false
2,2022,2022-11-23,2022-11-30,12,Week 12,false,false
2,2022,2022-11-30,2022-12-07,13,Week 13,false,false
2,2022,2022-12-07,2022-12-14,14,Week 14,false,false
2,2022,2022-12-14,2022-12-21,15,Week 15,false,false
2,2022,2022-12-21,2022-12-28,16,Week 16,false,false
2,2022,2022-12-28,2023-01-04,17,Week 17,false,false
2,2022,2023-01-04,2023-01-12,18,Week 18,false,false
2,2022,2022-09-14,2022-09-21,2,Week 2,false,false
2,2022,2022-09-21,2022-09-28,3,Week 3,false,false
2,2022,2022-09-28,2022-10-05,4,Week 4,false,false
2,2022,2022-10-05,2022-10-12,5,Week 5,false,false
2,2022,2022-10-12,2022-10-19,6,Week 6,false,false
2,2022,2022-10-19,2022-10-26,7,Week 7,false,false
2,2022,2022-10-26,2022-11-02,8,Week 8,false,false
2,2022,2022-11-02,2022-11-09,9,Week 9,false,false
2,2023,2024-01-24,2024-01-31,3,Conference Championship,false,true
2,2023,2024-01-17,2024-01-24,2,Divisional Round,false,true
2,2023,2024-01-31,2024-02-07,4,Pro Bowl,false,true
2,2023,2024-02-07,2024-02-15,5,Super Bowl,false,true
2,2023,2024-01-11,2024-01-17,1,Wild Card,false,true
2,2023,2023-08-01,2023-08-09,1,Hall of Fame Weekend,true,false
2,2023,2023-08-09,2023-08-16,2,Preseason Week 1,true,false
2,2023,2023-08-16,2023-08-23,3,Preseason Week 2,true,false
2,2023,2023-08-23,2023-09-07,4,Preseason Week 3,true,false
2,2023,2023-09-07,2023-09-13,1,Week 1,false,false
2,2023,2023-11-08,2023-11-15,10,Week 10,false,false
2,2023,2023-11-15,2023-11-22,11,Week 11,false,false
2,2023,2023-11-22,2023-11-29,12,Week 12,false,false
2,2023,2023-11-29,2023-12-06,13,Week 13,false,false
2,2023,2023-12-06,2023-12-13,14,Week 14,false,false
2,2023,2023-12-13,2023-12-20,15,Week 15,false,false
2,2023,2023-12-20,2023-12-27,16,Week 16,false,false
2,2023,2023-12-27,2024-01-03,17,Week 17,false,false
2,2023,2024-01-03,2024-01-11,18,Week 18,false,false
2,2023,2023-09-13,2023-09-20,2,Week 2,false,false
2,2023,2023-09-20,2023-09-27,3,Week 3,false,false
2,2023,2023-09-27,2023-10-04,4,Week 4,false,false
2,2023,2023-10-04,2023-10-11,5,Week 5,false,false
2,2023,2023-10-11,2023-10-18,6,Week 6,false,false
2,2023,2023-10-18,2023-10-25,7,Week 7,false,false
2,2023,2023-10-25,2023-11-01,8,Week 8,false,false
2,2023,2023-11-01,2023-11-08,9,Week 9,false,false
2,2024,2025-01-23,2025-01-30,3,Conference Championship,false,true
2,2024,2025-01-16,2025-01-23,2,Divisional Round,false,true
2,2024,2025-01-30,2025-02-06,4,Pro Bowl,false,true
2,2024,2025-02-06,2025-02-14,5,Super Bowl,false,true
2,2024,2025-01-08,2025-01-16,1,Wild Card,false,true
2,2024,2024-08-01,2024-08-08,1,Hall of Fame Weekend,true,false
2,2024,2024-08-08,2024-08-15,2,Preseason Week 1,true,false
2,2024,2024-08-15,2024-08-22,3,Preseason Week 2,true,false
2,2024,2024-08-22,2024-09-05,4,Preseason Week 3,true,false
2,2024,2024-09-05,2024-09-11,1,Week 1,false,false
2,2024,2024-11-06,2024-11-13,10,Week 10,false,false
2,2024,2024-11-13,2024-11-20,11,Week 11,false,false
2,2024,2024-11-20,2024-11-27,12,Week 12,false,false
2,2024,2024-11-27,2024-12-04,13,Week 13,false,false
2,2024,2024-12-04,2024-12-11,14,Week 14,false,false
2,2024,2024-12-11,2024-12-18,15,Week 15,false,false
2,2024,2024-12-18,2024-12-25,16,Week 16,false,false
2,2024,2024-12-25,2025-01-01,17,Week 17,false,false
2,2024,2025-01-01,2025-01-08,18,Week 18,false,false
2,2024,2024-09-11,2024-09-18,2,Week 2,false,false
2,2024,2024-09-18,2024-09-25,3,Week 3,false,false
2,2024,2024-09-25,2024-10-02,4,Week 4,false,false
2,2024,2024-10-02,2024-10-09,5,Week 5,false,false
2,2024,2024-10-09,2024-10-16,6,Week 6,false,false
2,2024,2024-10-16,2024-10-23,7,Week 7,false,false
2,2024,2024-10-23,2024-10-30,8,Week 8,false,false
2,2024,2024-10-30,2024-11-06,9,Week 9,false,false
2,2025,2026-01-21,2026-01-28,3,Conference Championship,false,true
2,2025,2026-01-14,2026-01-21,2,Divisional Round,false,true
2,2025,2026-01-28,2026-02-04,4,Pro Bowl,false,true
2,2025,2026-02-04,2026-02-12,5,Super Bowl,false,true
2,2025,2026-01-07,2026-01-14,1,Wild Card,false,true
2,2025,2025-07-31,2025-08-07,1,Hall of Fame Weekend,true,false
2,2025,2025-08-07,2025-08-14,2,Preseason Week 1,true,false
2,2025,2025-08-14,2025-08-21,3,Preseason Week 2,true,false
2,2025,2025-08-21,2025-09-04,4,Preseason Week 3,true,false
2,2025,2025-09-04,2025-09-10,1,Week 1,false,false
2,2025,2025-11-05,2025-11-12,10,Week 10,false,false
2,2025,2025-11-12,2025-11-19,11,Week 11,false,false
2,2025,2025-11-19,2025-11-26,12,Week 12,false,false
2,2025,2025-11-26,2025-12-03,13,Week 13,false,false
2,2025,2025-12-03,2025-12-10,14,Week 14,false,false
2,2025,2025-12-10,2025-12-17,15,Week 15,false,false
2,2025,2025-12-17,2025-12-24,16,Week 16,false,false
2,2025,2025-12-24,2025-12-31,17,Week 17,false,false
2,2025,2025-12-31,2026-01-07,18,Week 18,false,false
2,2025,2025-09-10,2025-09-17,2,Week 2,false,false
2,2025,2025-09-17,2025-09-24,3,Week 3,false,false
2,2025,2025-09-24,2025-10-01,4,Week 4,false,false
2,2025,2025-10-01,2025-10-08,5,Week 5,false,false
2,2025,2025-10-08,2025-10-15,6,Week 6,false,false
2,2025,2025-10-15,2025-10-22,7,Week 7,false,false
2,2025,2025-10-22,2025-10-29,8,Week 8,false,false
2,2025,2025-10-29,2025-11-05,9,Week 9,false,false
2,2026,2027-01-27,2027-02-03,3,Conference Championship,false,true
2,2026,2027-01-20,2027-01-27,2,Divisional Round,false,true
2,2026,2027-02-03,2027-02-10,4,Pro Bowl,false,true
2,2026,2027-02-10,2027-02-16,5,Super Bowl,false,true
2,2026,2027-01-13,2027-01-20,1,Wild Card,false,true
2,2026,2026-08-06,2026-08-13,1,Hall of Fame Weekend,true,false
2,2026,2026-08-13,2026-08-20,2,Preseason Week 1,true,false
2,2026,2026-08-20,2026-08-27,3,Preseason Week 2,true,false
2,2026,2026-08-27,2026-09-09,4,Preseason Week 3,true,false
2,2026,2026-09-09,2026-09-16,1,Week 1,false,false
2,2026,2026-11-11,2026-11-18,10,Week 10,false,false
2,2026,2026-11-18,2026-11-25,11,Week 11,false,false
2,2026,2026-11-25,2026-12-02,12,Week 12,false,false
2,2026,2026-12-02,2026-12-09,13,Week 13,false,false
2,2026,2026-12-09,2026-12-16,14,Week 14,false,false
2,2026,2026-12-16,2026-12-23,15,Week 15,false,false
2,2026,2026-12-23,2026-12-30,16,Week 16,false,false
2,2026,2026-12-30,2027-01-06,17,Week 17,false,false
2,2026,2027-01-06,2027-01-13,18,Week 18,false,false
2,2026,2026-09-16,2026-09-23,2,Week 2,false,false
2,2026,2026-09-23,2026-09-30,3,Week 3,false,false
2,2026,2026-09-30,2026-10-07,4,Week 4,false,false
2,2026,2026-10-07,2026-10-14,5,Week 5,false,false
2,2026,2026-10-14,2026-10-21,6,Week 6,false,false
2,2026,2026-10-21,2026-10-28,7,Week 7,false,false
2,2026,2026-10-28,2026-11-04,8,Week 8,false,false
2,2026,2026-11-04,2026-11-11,9,Week 9,false,false
5,2000,2000-12-05,2001-01-04,1,Bowls,false,true
5,2000,2000-08-22,2000-08-29,1,Week 1,false,false
5,2000,2000-10-24,2000-10-31,10,Week 10,false,false
5,2000,2000-10-31,2000-11-07,11,Week 11,false,false
5,2000,2000-11-07,2000-11-14,12,Week 12,false,false
5,2000,2000-11-14,2000-11-21,13,Week 13,false,false
5,2000,2000-11-21,2000-11-28,14,Week 14,false,false
5,2000,2000-11-28,2000-12-05,15,Week 15,false,false
5,2000,2000-08-29,2000-09-05,2,Week 2,false,false
5,2000,2000-09-05,2000-09-12,3,Week 3,false,false
5,2000,2000-09-12,2000-09-19,4,Week 4,false,false
5,2000,2000-09-19,2000-09-26,5,Week 5,false,false
5,2000,2000-09-26,2000-10-03,6,Week 6,false,false
5,2000,2000-10-03,2000-10-10,7,Week 7,false,false
5,2000,2000-10-10,2000-10-17,8,Week 8,false,false
5,2000,2000-10-17,2000-10-24,9,Week 9,false,false
5,2001,2001-12-16,2002-01-04,1,Bowls,false,true
5,2001,2001-08-21,2001-08-28,1,Week 1,false,false
5,2001,2001-10-23,2001-10-30,10,Week 10,false,false
5,2001,2001-10-30,2001-11-06,11,Week 11,false,false
5,2001,2001-11-06,2001-11-13,12,Week 12,false,false
5,2001,2001-11-13,2001-11-20,13,Week 13,false,false
5,2001,2001-11-20,2001-11-27,14,Week 14,false,false
5,2001,2001-11-27,2001-12-04,15,Week 15,false,false
5,2001,2001-12-04,2001-12-16,16,Week 16,false,false
5,2001,2001-08-28,2001-09-04,2,Week 2,false,false
5,2001,2001-09-04,2001-09-11,3,Week 3,false,false
5,2001,2001-09-11,2001-09-18,4,Week 4,false,false
5,2001,2001-09-18,2001-09-25,5,Week 5,false,false
5,2001,2001-09-25,2001-10-02,6,Week 6,false,false
5,2001,2001-10-02,2001-10-09,7,Week 7,false,false
5,2001,2001-10-09,2001-10-16,8,Week 8,false,false
5,2001,2001-10-16,2001-10-23,9,Week 9,false,false
5,2002,2002-12-10,2003-01-04,1,Bowls,false,true
5,2002,2002-08-20,2002-08-27,1,Week 1,false,false
5,2002,2002-10-22,2002-10-29,10,Week 10,false,false
5,2002,2002-10-29,2002-11-05,11,Week 11,false,false
5,2002,2002-11-05,2002-11-12,12,Week 12,false,false
5,2002,2002-11-12,2002-11-19,13,Week 13,false,false
5,2002,2002-11-19,2002-11-26,14,Week 14,false,false
5,2002,2002-11-26,2002-12-03,15,Week 15,false,false
5,2002,2002-12-03,2002-12-10,16,Week 16,false,false
5,2002,2002-08-27,2002-09-03,2,Week 2,false,false
5,2002,2002-09-03,2002-09-10,3,Week 3,false,false
5,2002,2002-09-10,2002-09-17,4,Week 4,false,false
5,2002,2002-09-17,2002-09-24,5,Week 5,false,false
5,2002,2002-09-24,2002-10-01,6,Week 6,false,false
5,2002,2002-10-01,2002-10-08,7,Week 7,false,false
5,2002,2002-10-08,2002-10-15,8,Week 8,false,false
5,2002,2002-10-15,2002-10-22,9,Week 9,false,false
5,2003,2003-12-09,2004-01-06,1,Bowls,false,true
5,2003,2003-08-19,2003-08-26,1,Week 1,false,false
5,2003,2003-10-21,2003-10-28,10,Week 10,false,false
5,2003,2003-10-28,2003-11-04,11,Week 11,false,false
5,2003,2003-11-04,2003-11-11,12,Week 12,false,false
5,2003,2003-11-11,2003-11-18,13,Week 13,false,false
5,2003,2003-11-18,2003-11-25,14,Week 14,false,false
5,2003,2003-11-25,2003-12-02,15,Week 15,false,false
5,2003,2003-12-02,2003-12-09,16,Week 16,false,false
5,2003,2003-08-26,2003-09-02,2,Week 2,false,false
5,2003,2003-09-02,2003-09-09,3,Week 3,false,false
5,2003,2003-09-09,2003-09-16,4,Week 4,false,false
5,2003,2003-09-16,2003-09-23,5,Week 5,false,false
5,2003,2003-09-23,2003-09-30,6,Week 6,false,false
5,2003,2003-09-30,2003-10-07,7,Week 7,false,false
5,2003,2003-10-07,2003-10-14,8,Week 8,false,false
5,2003,2003-10-14,2003-10-21,9,Week 9,false,false
5,2004,2004-12-14,2005-01-06,1,Bowls,false,true
5,2004,2004-08-24,2004-08-31,1,Week 1,false,false
5,2004,2004-10-26,2004-11-02,10,Week 10,false,false
5,2004,2004-11-02,2004-11-09,11,Week 11,false,false
5,2004,2004-11-09,2004-11-16,12,Week 12,false,false
5,2004,2004-11-16,2004-11-23,13,Week 13,false,false
5,2004,2004-11-23,2004-11-30,14,Week 14,false,false
5,2004,2004-11-30,2004-12-07,15,Week 15,false,false
5,2004,2004-12-07,2004-12-14,16,Week 16,false,false
5,2004,2004-08-31,2004-09-07,2,Week 2,false,false
5,2004,2004-09-07,2004-09-14,3,Week 3,false,false
5,2004,2004-09-14,2004-09-21,4,Week 4,false,false
5,2004,2004-09-21,2004-09-28,5,Week 5,false,false
5,2004,2004-09-28,2004-10-05,6,Week 6,false,false
5,2004,2004-10-05,2004-10-12,7,Week 7,false,false
5,2004,2004-10-12,2004-10-19,8,Week 8,false,false
5,2004,2004-10-19,2004-10-26,9,Week 9,false,false
5,2005,2005-12-14,2006-01-11,1,Bowls,false,true
5,2005,2005-08-30,2005-09-06,1,Week 1,false,false
5,2005,2005-11-01,2005-11-08,10,Week 10,false,false
5,2005,2005-11-08,2005-11-15,11,Week 11,false,false
5,2005,2005-11-15,2005-11-22,12,Week 12,false,false
5,2005,2005-11-22,2005-11-29,13,Week 13,false,false
5,2005,2005-11-29,2005-12-07,14,Week 14,false,false
5,2005,2005-12-07,2005-12-13,15,Week 15,false,false
5,2005,2005-09-06,2005-09-13,2,Week 2,false,false
5,2005,2005-09-13,2005-09-20,3,Week 3,false,false
5,2005,2005-09-20,2005-09-27,4,Week 4,false,false
5,2005,2005-09-27,2005-10-04,5,Week 5,false,false
5,2005,2005-10-04,2005-10-11,6,Week 6,false,false
5,2005,2005-10-11,2005-10-18,7,Week 7,false,false
5,2005,2005-10-18,2005-10-25,8,Week 8,false,false
5,2005,2005-10-25,2005-11-01,9,Week 9,false,false
5,2006,2006-12-19,2007-01-11,1,Bowls,false,true
5,2006,2006-08-26,2006-09-05,1,Week 1,false,false
5,2006,2006-10-31,2006-11-07,10,Week 10,false,false
5,2006,2006-11-07,2006-11-14,11,Week 11,false,false
5,2006,2006-11-14,2006-11-21,12,Week 12,false,false
5,2006,2006-11-21,2006-11-28,13,Week 13,false,false
5,2006,2006-11-28,2006-12-05,14,Week 14,false,false
5,2006,2006-12-05,2006-12-12,15,Week 15,false,false
5,2006,2006-12-12,2006-12-19,16,Week 16,false,false
5,2006,2006-09-05,2006-09-12,2,Week 2,false,false
5,2006,2006-09-12,2006-09-19,3,Week 3,false,false
5,2006,2006-09-19,2006-09-26,4,Week 4,false,false
5,2006,2006-09-26,2006-10-03,5,Week 5,false,false
5,2006,2006-10-03,2006-10-10,6,Week 6,false,false
5,2006,2006-10-10,2006-10-17,7,Week 7,false,false
5,2006,2006-10-17,2006-10-24,8,Week 8,false,false
5,2006,2006-10-24,2006-10-31,9,Week 9,false,false
5,2007,2007-12-18,2008-01-10,1,Bowls,false,true
5,2007,2007-08-21,2007-09-04,1,Week 1,false,false
5,2007,2007-10-30,2007-11-06,10,Week 10,false,false
5,2007,2007-11-06,2007-11-13,11,Week 11,false,false
5,2007,2007-11-13,2007-11-20,12,Week 12,false,false
5,2007,2007-11-20,2007-11-27,13,Week 13,false,false
5,2007,2007-11-27,2007-12-04,14,Week 14,false,false
5,2007,2007-12-04,2007-12-11,15,Week 15,false,false
5,2007,2007-12-11,2007-12-18,16,Week 16,false,false
5,2007,2007-09-04,2007-09-11,2,Week 2,false,false
5,2007,2007-09-11,2007-09-18,3,Week 3,false,false
5,2007,2007-09-18,2007-09-25,4,Week 4,false,false
5,2007,2007-09-25,2007-10-02,5,Week 5,false,false
5,2007,2007-10-02,2007-10-09,6,Week 6,false,false
5,2007,2007-10-09,2007-10-16,7,Week 7,false,false
5,2007,2007-10-16,2007-10-23,8,Week 8,false,false
5,2007,2007-10-23,2007-10-30,9,Week 9,false,false
5,2008,2008-12-16,2009-01-10,1,Bowls,false,true
5,2008,2008-08-26,2008-09-02,1,Week 1,false,false
5,2008,2008-10-28,2008-11-04,10,Week 10,false,false
5,2008,2008-11-04,2008-11-11,11,Week 11,false,false
5,2008,2008-11-11,2008-11-18,12,Week 12,false,false
5,2008,2008-11-18,2008-11-25,13,Week 13,false,false
5,2008,2008-11-25,2008-12-02,14,Week 14,false,false
5,2008,2008-12-02,2008-12-09,15,Week 15,false,false
5,2008,2008-12-09,2008-12-16,16,Week 16,false,false
5,2008,2008-09-02,2008-09-09,2,Week 2,false,false
5,2008,2008-09-09,2008-09-16,3,Week 3,false,false
5,2008,2008-09-16,2008-09-23,4,Week 4,false,false
5,2008,2008-09-23,2008-09-30,5,Week 5,false,false
5,2008,2008-09-30,2008-10-07,6,Week 6,false,false
5,2008,2008-10-07,2008-10-14,7,Week 7,false,false
5,2008,2008-10-14,2008-10-21,8,Week 8,false,false
5,2008,2008-10-21,2008-10-28,9,Week 9,false,false
5,2009,2009-12-15,2010-01-12,1,Bowls,false,true
5,2009,2009-09-01,2009-09-08,1,Week 1,false,false
5,2009,2009-11-03,2009-11-10,10,Week 10,false,false
5,2009,2009-11-10,2009-11-17,11,Week 11,false,false
5,2009,2009-11-17,2009-11-24,12,Week 12,false,false
5,2009,2009-11-24,2009-12-01,13,Week 13,false,false
5,2009,2009-12-01,2009-12-08,14,Week 14,false,false
5,2009,2009-12-08,2009-12-15,15,Week 15,false,false
5,2009,2009-09-08,2009-09-15,2,Week 2,false,false
5,2009,2009-09-15,2009-09-22,3,Week 3,false,false
5,2009,2009-09-22,2009-09-29,4,Week 4,false,false
5,2009,2009-09-29,2009-10-06,5,Week 5,false,false
5,2009,2009-10-06,2009-10-13,6,Week 6,false,false
5,2009,2009-10-13,2009-10-20,7,Week 7,false,false
5,2009,2009-10-20,2009-10-27,8,Week 8,false,false
5,2009,2009-10-27,2009-11-03,9,Week 9,false,false
5,2010,2010-12-14,2011-01-12,1,Bowls,false,true
5,2010,2010-08-31,2010-09-07,1,Week 1,false,false
5,2010,2010-11-02,2010-11-09,10,Week 10,false,false
5,2010,2010-11-09,2010-11-16,11,Week 11,false,false
5,2010,2010-11-16,2010-11-23,12,Week 12,false,false
5,2010,2010-11-23,2010-11-30,13,Week 13,false,false
5,2010,2010-11-30,2010-12-07,14,Week 14,false,false
5,2010,2010-12-07,2010-12-14,15,Week 15,false,false
5,2010,2010-09-07,2010-09-14,2,Week 2,false,false
5,2010,2010-09-14,2010-09-21,3,Week 3,false,false
5,2010,2010-09-21,2010-09-28,4,Week 4,false,false
5,2010,2010-09-28,2010-10-05,5,Week 5,false,false
5,2010,2010-10-05,2010-10-12,6,Week 6,false,false
5,2010,2010-10-12,2010-10-19,7,Week 7,false,false
5,2010,2010-10-19,2010-10-26,8,Week 8,false,false
5,2010,2010-10-26,2010-11-02,9,Week 9,false,false
5,2011,2011-12-13,2012-01-13,1,Bowls,false,true
5,2011,2011-08-25,2011-09-06,1,Week 1,false,false
5,2011,2011-11-01,2011-11-08,10,Week 10,false,false
5,2011,2011-11-08,2011-11-15,11,Week 11,false,false
5,2011,2011-11-15,2011-11-22,12,Week 12,false,false
5,2011,2011-11-22,2011-11-29,13,Week 13,false,false
5,2011,2011-11-29,2011-12-06,14,Week 14,false,false
5,2011,2011-12-06,2011-12-13,15,Week 15,false,false
5,2011,2011-09-06,2011-09-13,2,Week 2,false,false
5,2011,2011-09-13,2011-09-20,3,Week 3,false,false
5,2011,2011-09-20,2011-09-27,4,Week 4,false,false
5,2011,2011-09-27,2011-10-04,5,Week 5,false,false
5,2011,2011-10-04,2011-10-11,6,Week 6,false,false
5,2011,2011-10-11,2011-10-18,7,Week 7,false,false
5,2011,2011-10-18,2011-10-25,8,Week 8,false,false
5,2011,2011-10-25,2011-11-01,9,Week 9,false,false
5,2012,2012-12-11,2013-01-18,1,Bowls,false,true
5,2012,2012-08-28,2012-09-04,1,Week 1,false,false
5,2012,2012-10-30,2012-11-06,10,Week 10,false,false
5,2012,2012-11-06,2012-11-13,11,Week 11,false,false
5,2012,2012-11-13,2012-11-20,12,Week 12,false,false
5,2012,2012-11-20,2012-11-27,13,Week 13,false,false
5,2012,2012-11-27,2012-12-04,14,Week 14,false,false
5,2012,2012-12-04,2012-12-11,15,Week 15,false,false
5,2012,2012-09-04,2012-09-11,2,Week 2,false,false
5,2012,2012-09-11,2012-09-18,3,Week 3,false,false
5,2012,2012-09-18,2012-09-25,4,Week 4,false,false
5,2012,2012-09-25,2012-10-02,5,Week 5,false,false
5,2012,2012-10-02,2012-10-09,6,Week 6,false,false
5,2012,2012-10-09,2012-10-16,7,Week 7,false,false
5,2012,2012-10-16,2012-10-23,8,Week 8,false,false
5,2012,2012-10-23,2012-10-30,9,Week 9,false,false
5,2013,2013-12-17,2014-01-14,1,Bowls,false,true
5,2013,2013-08-27,2013-09-03,1,Week 1,false,false
5,2013,2013-10-29,2013-11-05,10,Week 10,false,false
5,2013,2013-11-05,2013-11-12,11,Week 11,false,false
5,2013,2013-11-12,2013-11-19,12,Week 12,false,false
5,2013,2013-11-19,2013-11-26,13,Week 13,false,false
5,2013,2013-11-26,2013-12-03,14,Week 14,false,false
5,2013,2013-12-03,2013-12-10,15,Week 15,false,false
5,2013,2013-12-10,2013-12-17,16,Week 16,false,false
5,2013,2013-09-03,2013-09-10,2,Week 2,false,false
5,2013,2013-09-10,2013-09-17,3,Week 3,false,false
5,2013,2013-09-17,2013-09-24,4,Week 4,false,false
5,2013,2013-09-24,2013-10-01,5,Week 5,false,false
5,2013,2013-10-01,2013-10-08,6,Week 6,false,false
5,2013,2013-10-08,2013-10-15,7,Week 7,false,false
5,2013,2013-10-15,2013-10-22,8,Week 8,false,false
5,2013,2013-10-22,2013-10-29,9,Week 9,false,false
5,2014,2014-12-16,2015-01-20,1,Bowls,false,true
5,2014,2014-08-19,2014-09-02,1,Week 1,false,false
5,2014,2014-10-28,2014-11-04,10,Week 10,false,false
5,2014,2014-11-04,2014-11-11,11,Week 11,false,false
5,2014,2014-11-11,2014-11-18,12,Week 12,false,false
5,2014,2014-11-18,2014-11-25,13,Week 13,false,false
5,2014,2014-11-25,2014-12-02,14,Week 14,false,false
5,2014,2014-12-02,2014-12-09,15,Week 15,false,false
5,2014,2014-12-09,2014-12-16,16,Week 16,false,false
5,2014,2014-09-02,2014-09-09,2,Week 2,false,false
5,2014,2014-09-09,2014-09-16,3,Week 3,false,false
5,2014,2014-09-16,2014-09-23,4,Week 4,false,false
5,2014,2014-09-23,2014-09-30,5,Week 5,false,false
5,2014,2014-09-30,2014-10-07,6,Week 6,false,false
5,2014,2014-10-07,2014-10-14,7,Week 7,false,false
5,2014,2014-10-14,2014-10-21,8,Week 8,false,false
5,2014,2014-10-21,2014-10-28,9,Week 9,false,false
5,2015,2015-12-15,2016-01-12,1,Bowls,false,true
5,2015,2015-08-25,2015-09-08,1,Week 1,false,false
5,2015,2015-11-03,2015-11-10,10,Week 10,false,false
5,2015,2015-11-10,2015-11-17,11,Week 11,false,false
5,2015,2015-11-17,2015-11-24,12,Week 12,false,false
5,2015,2015-11-24,2015-12-01,13,Week 13,false,false
5,2015,2015-12-01,2015-12-08,14,Week 14,false,false
5,2015,2015-12-08,2015-12-15,15,Week 15,false,false
5,2015,2015-09-08,2015-09-15,2,Week 2,false,false
5,2015,2015-09-15,2015-09-22,3,Week 3,false,false
5,2015,2015-09-22,2015-09-29,4,Week 4,false,false
5,2015,2015-09-29,2015-10-06,5,Week 5,false,false
5,2015,2015-10-06,2015-10-13,6,Week 6,false,false
5,2015,2015-10-13,2015-10-20,7,Week 7,false,false
5,2015,2015-10-20,2015-10-27,8,Week 8,false,false
5,2015,2015-10-27,2015-11-03,9,Week 9,false,false
5,2016,2016-12-13,2017-01-18,1,Bowls,false,true
5,2016,2016-07-28,2016-09-06,1,Week 1,false,false
5,2016,2016-11-01,2016-11-08,10,Week 10,false,false
5,2016,2016-11-08,2016-11-15,11,Week 11,false,false
5,2016,2016-11-15,2016-11-22,12,Week 12,false,false
5,2016,2016-11-22,2016-11-29,13,Week 13,false,false
5,2016,2016-11-29,2016-12-06,14,Week 14,false,false
5,2016,2016-12-06,2016-12-13,15,Week 15,false,false
5,2016,2016-09-06,2016-09-13,2,Week 2,false,false
5,2016,2016-09-13,2016-09-20,3,Week 3,false,false
5,2016,2016-09-20,2016-09-27,4,Week 4,false,false
5,2016,2016-09-27,2016-10-04,5,Week 5,false,false
5,2016,2016-10-04,2016-10-11,6,Week 6,false,false
5,2016,2016-10-11,2016-10-18,7,Week 7,false,false
5,2016,2016-10-18,2016-10-25,8,Week 8,false,false
5,2016,2016-10-25,2016-11-01,9,Week 9,false,false
5,2017,2017-12-12,2018-01-17,1,Bowls,false,true
5,2017,2017-07-26,2017-09-05,1,Week 1,false,false
5,2017,2017-10-31,2017-11-07,10,Week 10,false,false
5,2017,2017-11-07,2017-11-14,11,Week 11,false,false
5,2017,2017-11-14,2017-11-21,12,Week 12,false,false
5,2017,2017-11-21,2017-11-28,13,Week 13,false,false
5,2017,2017-11-28,2017-12-05,14,Week 14,false,false
5,2017,2017-12-05,2017-12-12,15,Week 15,false,false
5,2017,2017-09-05,2017-09-12,2,Week 2,false,false
5,2017,2017-09-12,2017-09-19,3,Week 3,false,false
5,2017,2017-09-19,2017-09-26,4,Week 4,false,false
5,2017,2017-09-26,2017-10-03,5,Week 5,false,false
5,2017,2017-10-03,2017-10-10,6,Week 6,false,false
5,2017,2017-10-10,2017-10-17,7,Week 7,false,false
5,2017,2017-10-17,2017-10-24,8,Week 8,false,false
5,2017,2017-10-24,2017-10-31,9,Week 9,false,false
5,2018,2018-12-11,2019-01-18,1,Bowls,false,true
5,2018,2018-07-25,2018-09-04,1,Week 1,false,false
5,2018,2018-10-30,2018-11-06,10,Week 10,false,false
5,2018,2018-11-06,2018-11-13,11,Week 11,false,false
5,2018,2018-11-13,2018-11-20,12,Week 12,false,false
5,2018,2018-11-20,2018-11-27,13,Week 13,false,false
5,2018,2018-11-27,2018-12-04,14,Week 14,false,false
5,2018,2018-12-04,2018-12-11,15,Week 15,false,false
5,2018,2018-09-04,2018-09-11,2,Week 2,false,false
5,2018,2018-09-11,2018-09-18,3,Week 3,false,false
5,2018,2018-09-18,2018-09-25,4,Week 4,false,false
5,2018,2018-09-25,2018-10-02,5,Week 5,false,false
5,2018,2018-10-02,2018-10-09,6,Week 6,false,false
5,2018,2018-10-09,2018-10-16,7,Week 7,false,false
5,2018,2018-10-16,2018-10-23,8,Week 8,false,false
5,2018,2018-10-23,2018-10-30,9,Week 9,false,false
5,2019,2019-12-16,2020-01-15,1,Bowls,false,true
5,2019,2019-07-25,2019-09-03,1,Week 1,false,false
5,2019,2019-10-29,2019-11-05,10,Week 10,false,false
5,2019,2019-11-05,2019-11-12,11,Week 11,false,false
5,2019,2019-11-12,2019-11-19,12,Week 12,false,false
5,2019,2019-11-19,2019-11-26,13,Week 13,false,false
5,2019,2019-11-26,2019-12-03,14,Week 14,false,false
5,2019,2019-12-03,2019-12-10,15,Week 15,false,false
5,2019,2019-12-10,2019-12-16,16,Week 16,false,false
5,2019,2019-09-03,2019-09-10,2,Week 2,false,false
5,2019,2019-09-10,2019-09-17,3,Week 3,false,false
5,2019,2019-09-17,2019-09-24,4,Week 4,false,false
5,2019,2019-09-24,2019-10-01,5,Week 5,false,false
5,2019,2019-10-01,2019-10-08,6,Week 6,false,false
5,2019,2019-10-08,2019-10-15,7,Week 7,false,false
5,2019,2019-10-15,2019-10-22,8,Week 8,false,false
5,2019,2019-10-22,2019-10-29,9,Week 9,false,false
5,2020,2020-12-20,2021-01-31,1,Bowls,false,true
5,2020,2020-08-25,2020-09-08,1,Week 1,false,false
5,2020,2020-11-03,2020-11-10,10,Week 10,false,false
5,2020,2020-11-10,2020-11-17,11,Week 11,false,false
5,2020,2020-11-17,2020-11-24,12,Week 12,false,false
5,2020,2020-11-24,2020-12-01,13,Week 13,false,false
5,2020,2020-12-01,2020-12-08,14,Week 14,false,false
5,2020,2020-12-08,2020-12-15,15,Week 15,false,false
5,2020,2020-12-15,2020-12-20,16,Week 16,false,false
5,2020,2020-09-08,2020-09-15,2,Week 2,false,false
5,2020,2020-09-15,2020-09-22,3,Week 3,false,false
5,2020,2020-09-22,2020-09-29,4,Week 4,false,false
5,2020,2020-09-29,2020-10-06,5,Week 5,false,false
5,2020,2020-10-06,2020-10-13,6,Week 6,false,false
5,2020,2020-10-13,2020-10-20,7,Week 7,false,false
5,2020,2020-10-20,2020-10-27,8,Week 8,false,false
5,2020,2020-10-27,2020-11-03,9,Week 9,false,false
5,2020,2021-04-18,2021-05-17,1,Playoffs Week 1,false,false
5,2020,2021-01-31,2021-02-09,1,Spring Week 1,false,true
5,2020,2021-04-06,2021-04-13,10,Spring Week 10,false,true
5,2020,2021-04-13,2021-04-18,11,Spring Week 11,false,true
5,2020,2021-02-09,2021-02-16,2,Spring Week 2,false,true
5,2020,2021-02-16,2021-02-23,3,Spring Week 3,false,true
5,2020,2021-02-23,2021-03-02,4,Spring Week 4,false,true
5,2020,2021-03-02,2021-03-09,5,Spring Week 5,false,true
5,2020,2021-03-09,2021-03-16,6,Spring Week 6,false,true
5,2020,2021-03-16,2021-03-23,7,Spring Week 7,false,true
5,2020,2021-03-23,2021-03-30,8,Spring Week 8,false,true
5,2020,2021-03-30,2021-04-06,9,Spring Week 9,false,true
5,2021,2021-12-17,2022-01-12,1,Bowls,false,true
5,2021,2021-07-24,2021-09-07,1,Week 1,false,false
5,2021,2021-11-02,2021-11-09,10,Week 10,false,false
5,2021,2021-11-09,2021-11-16,11,Week 11,false,false
5,2021,2021-11-16,2021-11-23,12,Week 12,false,false
5,2021,2021-11-23,2021-11-30,13,Week 13,false,false
5,2021,2021-11-30,2021-12-07,14,Week 14,false,false
5,2021,2021-12-07,2021-12-17,15,Week 15,false,false
5,2021,2021-09-07,2021-09-14,2,Week 2,false,false
5,2021,2021-09-14,2021-09-21,3,Week 3,false,false
5,2021,2021-09-21,2021-09-28,4,Week 4,false,false
5,2021,2021-09-28,2021-10-05,5,Week 5,false,false
5,2021,2021-10-05,2021-10-12,6,Week 6,false,false
5,2021,2021-10-12,2021-10-19,7,Week 7,false,false
5,2021,2021-10-19,2021-10-26,8,Week 8,false,false
5,2021,2021-10-26,2021-11-02,9,Week 9,false,false
5,2022,2022-12-11,2023-01-11,1,Bowls,false,true
5,2022,2022-08-05,2022-09-06,1,Week 1,false,false
5,2022,2022-11-01,2022-11-08,10,Week 10,false,false
5,2022,2022-11-08,2022-11-15,11,Week 11,false,false
5,2022,2022-11-15,2022-11-22,12,Week 12,false,false
5,2022,2022-11-22,2022-11-29,13,Week 13,false,false
5,2022,2022-11-29,2022-12-06,14,Week 14,false,false
5,2022,2022-12-06,2022-12-11,15,Week 15,false,false
5,2022,2022-09-06,2022-09-13,2,Week 2,false,false
5,2022,2022-09-13,2022-09-20,3,Week 3,false,false
5,2022,2022-09-20,2022-09-27,4,Week 4,false,false
5,2022,2022-09-27,2022-10-04,5,Week 5,false,false
5,2022,2022-10-04,2022-10-11,6,Week 6,false,false
5,2022,2022-10-11,2022-10-18,7,Week 7,false,false
5,2022,2022-10-18,2022-10-25,8,Week 8,false,false
5,2022,2022-10-25,2022-11-01,9,Week 9,false,false
5,2023,2023-12-11,2024-01-10,1,Bowls,false,true
5,2023,2023-08-26,2023-09-05,1,Week 1,false,false
5,2023,2023-10-30,2023-11-06,10,Week 10,false,false
5,2023,2023-11-06,2023-11-13,11,Week 11,false,false
5,2023,2023-11-13,2023-11-20,12,Week 12,false,false
5,2023,2023-11-20,2023-11-27,13,Week 13,false,false
5,2023,2023-11-27,2023-12-04,14,Week 14,false,false
5,2023,2023-12-04,2023-12-11,15,Week 15,false,false
5,2023,2023-09-05,2023-09-11,2,Week 2,false,false
5,2023,2023-09-11,2023-09-18,3,Week 3,false,false
5,2023,2023-09-18,2023-09-25,4,Week 4,false,false
5,2023,2023-09-25,2023-10-02,5,Week 5,false,false
5,2023,2023-10-02,2023-10-09,6,Week 6,false,false
5,2023,2023-10-09,2023-10-16,7,Week 7,false,false
5,2023,2023-10-16,2023-10-23,8,Week 8,false,false
5,2023,2023-10-23,2023-10-30,9,Week 9,false,false
5,2024,2024-12-14,2025-01-22,1,Bowls,false,true
5,2024,2024-12-21,2025-01-21,999,CFP,false,true
5,2024,2024-08-24,2024-09-03,1,Week 1,false,false
5,2024,2024-10-28,2024-11-04,10,Week 10,false,false
5,2024,2024-11-04,2024-11-11,11,Week 11,false,false
5,2024,2024-11-11,2024-11-18,12,Week 12,false,false
5,2024,2024-11-18,2024-11-25,13,Week 13,false,false
5,2024,2024-11-25,2024-12-02,14,Week 14,false,false
5,2024,2024-12-02,2024-12-09,15,Week 15,false,false
5,2024,2024-12-09,2024-12-14,16,Week 16,false,false
5,2024,2024-09-03,2024-09-09,2,Week 2,false,false
5,2024,2024-09-09,2024-09-16,3,Week 3,false,false
5,2024,2024-09-16,2024-09-23,4,Week 4,false,false
5,2024,2024-09-23,2024-09-30,5,Week 5,false,false
5,2024,2024-09-30,2024-10-07,6,Week 6,false,false
5,2024,2024-10-07,2024-10-14,7,Week 7,false,false
5,2024,2024-10-14,2024-10-21,8,Week 8,false,false
5,2024,2024-10-21,2024-10-28,9,Week 9,false,false
5,2025,2025-12-13,2026-01-21,1,Bowls,false,true
5,2025,2025-12-19,2026-01-20,999,CFP,false,true
5,2025,2025-08-23,2025-09-02,1,Week 1,false,false
5,2025,2025-10-27,2025-11-03,10,Week 10,false,false
5,2025,2025-11-03,2025-11-10,11,Week 11,false,false
5,2025,2025-11-10,2025-11-17,12,Week 12,false,false
5,2025,2025-11-17,2025-11-24,13,Week 13,false,false
5,2025,2025-11-24,2025-12-01,14,Week 14,false,false
5,2025,2025-12-01,2025-12-08,15,Week 15,false,false
5,2025,2025-12-08,2025-12-13,16,Week 16,false,false
5,2025,2025-09-02,2025-09-08,2,Week 2,false,false
5,2025,2025-09-08,2025-09-15,3,Week 3,false,false
5,2025,2025-09-15,2025-09-22,4,Week 4,false,false
5,2025,2025-09-22,2025-09-29,5,Week 5,false,false
5,2025,2025-09-29,2025-10-06,6,Week 6,false,false
5,2025,2025-10-06,2025-10-13,7,Week 7,false,false
5,2025,2025-10-13,2025-10-20,8,Week 8,false,false
5,2025,2025-10-20,2025-10-27,9,Week 9,false,false
